time=2026-05-04T15:15:19.479+02:00 level=DEBUG msg="importer: searching for device" err="USB device 2367:0019 not found in sysfs"
time=2026-05-04T15:19:16.521+02:00 level=DEBUG msg=playerState.stop was=""
time=2026-05-04T15:19:16.521+02:00 level=DEBUG msg=playerState.stop was=""
time=2026-05-04T15:19:17.562+02:00 level=DEBUG msg=playerState.stop was=""
time=2026-05-04T15:19:18.028+02:00 level=DEBUG msg="tab3 space: toggle" path="" cursor=1 entries=8
time=2026-05-04T15:28:07.644+02:00 level=DEBUG msg=playerState.stop was=""
time=2026-05-04T15:28:07.644+02:00 level=DEBUG msg=playerState.stop was=""
time=2026-05-04T15:28:08.208+02:00 level=DEBUG msg=playerState.stop was=""
time=2026-05-04T15:28:08.208+02:00 level=DEBUG msg=playerState.stop was=""
time=2026-05-04T15:28:09.677+02:00 level=DEBUG msg=playerState.stop was=""
time=2026-05-04T15:28:09.852+02:00 level=DEBUG msg=playerState.stop was=""
time=2026-05-04T15:28:11.221+02:00 level=DEBUG msg="importer: searching for device" err="USB device 2367:0019 not found in sysfs"
time=2026-05-04T15:28:16.221+02:00 level=DEBUG msg="importer: FindDeviceMount: found sysfs device" path=/sys/bus/usb/devices/1-5
time=2026-05-04T15:28:16.221+02:00 level=DEBUG msg="importer: FindDeviceMount: sysfs attr" attr=manufacturer value="teenage engineering"
time=2026-05-04T15:28:16.221+02:00 level=DEBUG msg="importer: FindDeviceMount: sysfs attr" attr=product value=TP-7
time=2026-05-04T15:28:16.221+02:00 level=DEBUG msg="importer: FindDeviceMount: sysfs attr" attr=serial value=TPBXB16H
time=2026-05-04T15:28:16.221+02:00 level=DEBUG msg="importer: FindDeviceMount: glob pattern" pattern="/run/user/1000/gvfs/mtp:host=teenage_engineering_TP-7_TPBXB16H*"
time=2026-05-04T15:28:16.222+02:00 level=DEBUG msg="importer: searching for device" err="no gvfs mount found for device 2367:0019 (host=teenage_engineering_TP-7_TPBXB16H)"
time=2026-05-04T15:28:21.221+02:00 level=DEBUG msg="importer: FindDeviceMount: found sysfs device" path=/sys/bus/usb/devices/1-5
time=2026-05-04T15:28:21.221+02:00 level=DEBUG msg="importer: FindDeviceMount: sysfs attr" attr=manufacturer value="teenage engineering"
time=2026-05-04T15:28:21.221+02:00 level=DEBUG msg="importer: FindDeviceMount: sysfs attr" attr=product value=TP-7
time=2026-05-04T15:28:21.221+02:00 level=DEBUG msg="importer: FindDeviceMount: sysfs attr" attr=serial value=TPBXB16H
time=2026-05-04T15:28:21.221+02:00 level=DEBUG msg="importer: FindDeviceMount: glob pattern" pattern="/run/user/1000/gvfs/mtp:host=teenage_engineering_TP-7_TPBXB16H*"
time=2026-05-04T15:28:21.223+02:00 level=DEBUG msg="importer: searching for device" err="no gvfs mount found for device 2367:0019 (host=teenage_engineering_TP-7_TPBXB16H)"
time=2026-05-04T15:28:26.221+02:00 level=DEBUG msg="importer: FindDeviceMount: found sysfs device" path=/sys/bus/usb/devices/1-5
time=2026-05-04T15:28:26.221+02:00 level=DEBUG msg="importer: FindDeviceMount: sysfs attr" attr=manufacturer value="teenage engineering"
time=2026-05-04T15:28:26.221+02:00 level=DEBUG msg="importer: FindDeviceMount: sysfs attr" attr=product value="TP-7 MTP Device"
time=2026-05-04T15:28:26.221+02:00 level=DEBUG msg="importer: FindDeviceMount: sysfs attr" attr=serial value=TPBXB16H
time=2026-05-04T15:28:26.221+02:00 level=DEBUG msg="importer: FindDeviceMount: glob pattern" pattern="/run/user/1000/gvfs/mtp:host=teenage_engineering_TP-7_MTP_Device_TPBXB16H*"
time=2026-05-04T15:28:26.222+02:00 level=DEBUG msg="importer: FindDeviceMount: matched mount" path="/run/user/1000/gvfs/mtp:host=teenage_engineering_TP-7_MTP_Device_TPBXB16H"
time=2026-05-04T15:28:26.222+02:00 level=DEBUG msg="importer: device mounted" path="/run/user/1000/gvfs/mtp:host=teenage_engineering_TP-7_MTP_Device_TPBXB16H"
time=2026-05-04T15:28:26.222+02:00 level=INFO msg="TP7 connected"
time=2026-05-04T15:28:26.280+02:00 level=INFO msg="importer: recordings found" total=41 new=0
time=2026-05-04T15:28:31.225+02:00 level=DEBUG msg="importer: Exists: gvfs dir contents" parent=/run/user/1000/gvfs count=1
time=2026-05-04T15:28:31.225+02:00 level=DEBUG msg="importer: Exists: entry" name="mtp:host=teenage_engineering_TP-7_MTP_Device_TPBXB16H" want="mtp:host=teenage_engineering_TP-7_MTP_Device_TPBXB16H"
time=2026-05-04T15:28:31.225+02:00 level=DEBUG msg="importer: connection check" path="/run/user/1000/gvfs/mtp:host=teenage_engineering_TP-7_MTP_Device_TPBXB16H" exists=true
time=2026-05-04T15:28:35.690+02:00 level=DEBUG msg=playerState.stop was=""
time=2026-05-04T15:28:35.690+02:00 level=DEBUG msg=playerState.stop was=""
time=2026-05-04T15:28:36.225+02:00 level=DEBUG msg="importer: Exists: gvfs dir contents" parent=/run/user/1000/gvfs count=1
time=2026-05-04T15:28:36.225+02:00 level=DEBUG msg="importer: Exists: entry" name="mtp:host=teenage_engineering_TP-7_MTP_Device_TPBXB16H" want="mtp:host=teenage_engineering_TP-7_MTP_Device_TPBXB16H"
time=2026-05-04T15:28:36.225+02:00 level=DEBUG msg="importer: connection check" path="/run/user/1000/gvfs/mtp:host=teenage_engineering_TP-7_MTP_Device_TPBXB16H" exists=true
time=2026-05-04T15:28:39.741+02:00 level=DEBUG msg=playerState.stop was=""
time=2026-05-04T15:28:39.741+02:00 level=DEBUG msg=playerState.stop was=""
time=2026-05-04T15:28:40.763+02:00 level=DEBUG msg=playerState.stop was=""
time=2026-05-04T15:28:40.764+02:00 level=DEBUG msg=playerState.stop was=""
time=2026-05-04T15:28:41.165+02:00 level=DEBUG msg=playerState.stop was=""
time=2026-05-04T15:28:41.165+02:00 level=DEBUG msg=playerState.stop was=""
time=2026-05-04T15:28:41.225+02:00 level=DEBUG msg="importer: Exists: gvfs dir contents" parent=/run/user/1000/gvfs count=1
time=2026-05-04T15:28:41.225+02:00 level=DEBUG msg="importer: Exists: entry" name="mtp:host=teenage_engineering_TP-7_MTP_Device_TPBXB16H" want="mtp:host=teenage_engineering_TP-7_MTP_Device_TPBXB16H"
time=2026-05-04T15:28:41.225+02:00 level=DEBUG msg="importer: connection check" path="/run/user/1000/gvfs/mtp:host=teenage_engineering_TP-7_MTP_Device_TPBXB16H" exists=true
time=2026-05-04T15:28:41.629+02:00 level=DEBUG msg=playerState.stop was=""
time=2026-05-04T15:28:41.629+02:00 level=DEBUG msg=playerState.stop was=""
time=2026-05-04T15:28:45.409+02:00 level=DEBUG msg=playerState.stop was=""
time=2026-05-04T15:28:45.409+02:00 level=DEBUG msg=playerState.stop was=""
time=2026-05-04T15:28:47.151+02:00 level=DEBUG msg=playerState.stop was=""
time=2026-05-04T15:28:47.151+02:00 level=DEBUG msg=playerState.stop was=""
time=2026-05-04T15:28:49.427+02:00 level=DEBUG msg="importer: FindDeviceMount: found sysfs device" path=/sys/bus/usb/devices/1-5
time=2026-05-04T15:28:49.427+02:00 level=DEBUG msg="importer: FindDeviceMount: sysfs attr" attr=manufacturer value="teenage engineering"
time=2026-05-04T15:28:49.428+02:00 level=DEBUG msg="importer: FindDeviceMount: sysfs attr" attr=product value="TP-7 MTP Device"
time=2026-05-04T15:28:49.428+02:00 level=DEBUG msg="importer: FindDeviceMount: sysfs attr" attr=serial value=TPBXB16H
time=2026-05-04T15:28:49.428+02:00 level=DEBUG msg="importer: FindDeviceMount: glob pattern" pattern="/run/user/1000/gvfs/mtp:host=teenage_engineering_TP-7_MTP_Device_TPBXB16H*"
time=2026-05-04T15:28:49.429+02:00 level=DEBUG msg="importer: FindDeviceMount: matched mount" path="/run/user/1000/gvfs/mtp:host=teenage_engineering_TP-7_MTP_Device_TPBXB16H"
time=2026-05-04T15:28:49.429+02:00 level=DEBUG msg="importer: device mounted" path="/run/user/1000/gvfs/mtp:host=teenage_engineering_TP-7_MTP_Device_TPBXB16H"
time=2026-05-04T15:28:49.429+02:00 level=INFO msg="TP7 connected"
time=2026-05-04T15:28:49.490+02:00 level=INFO msg="importer: recordings found" total=41 new=0
time=2026-05-04T15:28:50.209+02:00 level=DEBUG msg=playerState.stop was=""
time=2026-05-04T15:28:50.209+02:00 level=DEBUG msg=playerState.stop was=""
time=2026-05-04T15:28:50.993+02:00 level=DEBUG msg=playerState.stop was=""
time=2026-05-04T15:28:51.152+02:00 level=DEBUG msg=playerState.stop was=""
time=2026-05-04T15:28:51.730+02:00 level=DEBUG msg="tab3 space: toggle" path="" cursor=2 entries=8
time=2026-05-04T15:28:54.431+02:00 level=DEBUG msg="importer: Exists: gvfs dir contents" parent=/run/user/1000/gvfs count=1
time=2026-05-04T15:28:54.431+02:00 level=DEBUG msg="importer: Exists: entry" name="mtp:host=teenage_engineering_TP-7_MTP_Device_TPBXB16H" want="mtp:host=teenage_engineering_TP-7_MTP_Device_TPBXB16H"
time=2026-05-04T15:28:54.431+02:00 level=DEBUG msg="importer: connection check" path="/run/user/1000/gvfs/mtp:host=teenage_engineering_TP-7_MTP_Device_TPBXB16H" exists=true
time=2026-05-04T21:21:55.304+02:00 level=DEBUG msg="tab1 align" file=2026-05-03_134353_000.wav m.width=109 prefix_len=6 availWidth=98 label_len=98 line_len=104
time=2026-05-04T21:21:55.304+02:00 level=DEBUG msg="tab1 align" file=2026-05-02_100926_000.wav m.width=109 prefix_len=6 availWidth=98 label_len=98 line_len=104
time=2026-05-04T21:21:55.976+02:00 level=DEBUG msg=playerState.stop was=""
time=2026-05-04T21:21:55.976+02:00 level=DEBUG msg="tab1 align" file=2026-05-03_134353_000.wav m.width=109 prefix_len=6 availWidth=98 label_len=98 line_len=104
time=2026-05-04T21:21:55.976+02:00 level=DEBUG msg="tab1 align" file=2026-05-02_100926_000.wav m.width=109 prefix_len=6 availWidth=98 label_len=98 line_len=104
time=2026-05-04T21:21:56.185+02:00 level=DEBUG msg=playerState.stop was=""
time=2026-05-04T21:21:56.185+02:00 level=DEBUG msg="tab1 align" file=2026-05-03_134353_000.wav m.width=109 prefix_len=6 availWidth=98 label_len=98 line_len=104
time=2026-05-04T21:21:56.186+02:00 level=DEBUG msg="tab1 align" file=2026-05-02_100926_000.wav m.width=109 prefix_len=6 availWidth=98 label_len=98 line_len=104
time=2026-05-04T21:21:56.343+02:00 level=DEBUG msg=playerState.stop was=""
time=2026-05-04T21:21:56.343+02:00 level=DEBUG msg="tab1 align" file=2026-05-03_134353_000.wav m.width=109 prefix_len=6 availWidth=98 label_len=98 line_len=104
time=2026-05-04T21:21:56.343+02:00 level=DEBUG msg="tab1 align" file=2026-05-02_100926_000.wav m.width=109 prefix_len=6 availWidth=98 label_len=98 line_len=104
time=2026-05-04T21:21:56.505+02:00 level=DEBUG msg=playerState.stop was=""
time=2026-05-04T21:21:56.505+02:00 level=DEBUG msg="tab1 align" file=2026-05-03_134353_000.wav m.width=109 prefix_len=6 availWidth=98 label_len=98 line_len=104
time=2026-05-04T21:21:56.505+02:00 level=DEBUG msg="tab1 align" file=2026-05-02_100926_000.wav m.width=109 prefix_len=6 availWidth=98 label_len=98 line_len=104
time=2026-05-04T21:21:56.842+02:00 level=DEBUG msg=playerState.stop was=""
time=2026-05-04T21:21:56.842+02:00 level=DEBUG msg="tab1 align" file=2026-05-03_134353_000.wav m.width=109 prefix_len=6 availWidth=98 label_len=98 line_len=104
time=2026-05-04T21:21:56.842+02:00 level=DEBUG msg="tab1 align" file=2026-05-02_100926_000.wav m.width=109 prefix_len=6 availWidth=98 label_len=98 line_len=104
time=2026-05-04T21:21:57.081+02:00 level=DEBUG msg="tab1 align" file=2026-05-03_134353_000.wav m.width=109 prefix_len=6 availWidth=98 label_len=98 line_len=104
time=2026-05-04T21:21:57.081+02:00 level=DEBUG msg="tab1 align" file=2026-05-02_100926_000.wav m.width=109 prefix_len=6 availWidth=98 label_len=98 line_len=104
time=2026-05-04T21:21:57.081+02:00 level=DEBUG msg="tab1 align" file=2026-05-03_134353_000.wav m.width=109 prefix_len=6 availWidth=98 label_len=98 line_len=104
time=2026-05-04T21:21:57.081+02:00 level=DEBUG msg="tab1 align" file=2026-05-02_100926_000.wav m.width=109 prefix_len=6 availWidth=98 label_len=98 line_len=104
time=2026-05-04T21:21:57.081+02:00 level=DEBUG msg="tab1 align" file=2026-05-01_123257_000.wav m.width=109 prefix_len=6 availWidth=98 label_len=98 line_len=104
time=2026-05-04T21:21:58.138+02:00 level=DEBUG msg="tab1 align" file=2026-05-03_134353_000.wav m.width=109 prefix_len=6 availWidth=98 label_len=98 line_len=104
time=2026-05-04T21:21:58.138+02:00 level=DEBUG msg="tab1 align" file=2026-05-02_100926_000.wav m.width=109 prefix_len=6 availWidth=98 label_len=98 line_len=104
time=2026-05-04T21:21:58.138+02:00 level=DEBUG msg="tab1 align" file=2026-05-01_123257_000.wav m.width=109 prefix_len=6 availWidth=98 label_len=98 line_len=104
time=2026-05-04T21:21:58.138+02:00 level=DEBUG msg="tab1 align" file=2026-05-03_134353_000.wav m.width=109 prefix_len=6 availWidth=98 label_len=98 line_len=104
time=2026-05-04T21:21:58.138+02:00 level=DEBUG msg="tab1 align" file=2026-05-02_100926_000.wav m.width=109 prefix_len=6 availWidth=98 label_len=98 line_len=104
time=2026-05-04T21:21:58.138+02:00 level=DEBUG msg="tab1 align" file=2026-05-01_123257_000.wav m.width=109 prefix_len=6 availWidth=98 label_len=98 line_len=104
time=2026-05-08T19:22:30.399+02:00 level=WARN msg="tab1: playback error" path=/home/patrick/tp7/Music/2026-05-05_230950_000.mp3 err="decoding \"/home/patrick/tp7/Music/2026-05-05_230950_000.mp3\": wav: missing RIFF at the beginning > ID3\x04"
time=2026-05-08T19:44:58.146+02:00 level=DEBUG msg=playerState.stop was=""
time=2026-05-08T19:44:58.331+02:00 level=DEBUG msg=playerState.stop was=""
time=2026-05-08T19:44:58.446+02:00 level=DEBUG msg=playerState.stop was=""
time=2026-05-08T19:44:59.045+02:00 level=DEBUG msg=playerState.stop was=""
time=2026-05-08T19:44:59.254+02:00 level=DEBUG msg=playerState.stop was=""
time=2026-05-08T19:44:59.711+02:00 level=DEBUG msg=playerState.stop was=""
time=2026-05-08T19:44:59.959+02:00 level=DEBUG msg="tab1 space: toggle" path=/home/patrick/tp7/Work/2026-05-08_130642_000.mp3
time=2026-05-08T19:44:59.959+02:00 level=DEBUG msg="playerState.toggle: starting" path=/home/patrick/tp7/Work/2026-05-08_130642_000.mp3 prev=""
time=2026-05-08T19:44:59.959+02:00 level=DEBUG msg="playCmd: starting" path=/home/patrick/tp7/Work/2026-05-08_130642_000.mp3
time=2026-05-08T19:45:00.059+02:00 level=DEBUG msg="rootModel: routing playback msg" active=0 type=main.playbackTickMsg
time=2026-05-08T19:45:00.059+02:00 level=DEBUG msg=playerState.onTick pos=50ms dur=25m46.296s path=/home/patrick/tp7/Work/2026-05-08_130642_000.mp3
time=2026-05-08T19:45:00.160+02:00 level=DEBUG msg="rootModel: routing playback msg" active=0 type=main.playbackTickMsg
time=2026-05-08T19:45:00.160+02:00 level=DEBUG msg=playerState.onTick pos=150ms dur=25m46.296s path=/home/patrick/tp7/Work/2026-05-08_130642_000.mp3
time=2026-05-08T19:45:00.261+02:00 level=DEBUG msg="rootModel: routing playback msg" active=0 type=main.playbackTickMsg
time=2026-05-08T19:45:00.261+02:00 level=DEBUG msg=playerState.onTick pos=200ms dur=25m46.296s path=/home/patrick/tp7/Work/2026-05-08_130642_000.mp3
time=2026-05-08T19:45:00.361+02:00 level=DEBUG msg="rootModel: routing playback msg" active=0 type=main.playbackTickMsg
time=2026-05-08T19:45:00.361+02:00 level=DEBUG msg=playerState.onTick pos=350ms dur=25m46.296s path=/home/patrick/tp7/Work/2026-05-08_130642_000.mp3
time=2026-05-08T19:45:00.462+02:00 level=DEBUG msg="rootModel: routing playback msg" active=0 type=main.playbackTickMsg
time=2026-05-08T19:45:00.462+02:00 level=DEBUG msg=playerState.onTick pos=450ms dur=25m46.296s path=/home/patrick/tp7/Work/2026-05-08_130642_000.mp3
time=2026-05-08T19:45:00.564+02:00 level=DEBUG msg="rootModel: routing playback msg" active=0 type=main.playbackTickMsg
time=2026-05-08T19:45:00.564+02:00 level=DEBUG msg=playerState.onTick pos=550ms dur=25m46.296s path=/home/patrick/tp7/Work/2026-05-08_130642_000.mp3
time=2026-05-08T19:45:00.664+02:00 level=DEBUG msg="rootModel: routing playback msg" active=0 type=main.playbackTickMsg
time=2026-05-08T19:45:00.664+02:00 level=DEBUG msg=playerState.onTick pos=650ms dur=25m46.296s path=/home/patrick/tp7/Work/2026-05-08_130642_000.mp3
time=2026-05-08T19:45:00.765+02:00 level=DEBUG msg="rootModel: routing playback msg" active=0 type=main.playbackTickMsg
time=2026-05-08T19:45:00.765+02:00 level=DEBUG msg=playerState.onTick pos=750ms dur=25m46.296s path=/home/patrick/tp7/Work/2026-05-08_130642_000.mp3
time=2026-05-08T19:45:00.866+02:00 level=DEBUG msg="rootModel: routing playback msg" active=0 type=main.playbackTickMsg
time=2026-05-08T19:45:00.866+02:00 level=DEBUG msg=playerState.onTick pos=850ms dur=25m46.296s path=/home/patrick/tp7/Work/2026-05-08_130642_000.mp3
time=2026-05-08T19:45:00.967+02:00 level=DEBUG msg="rootModel: routing playback msg" active=0 type=main.playbackTickMsg
time=2026-05-08T19:45:00.967+02:00 level=DEBUG msg=playerState.onTick pos=900ms dur=25m46.296s path=/home/patrick/tp7/Work/2026-05-08_130642_000.mp3
time=2026-05-08T19:45:01.067+02:00 level=DEBUG msg="rootModel: routing playback msg" active=0 type=main.playbackTickMsg
time=2026-05-08T19:45:01.067+02:00 level=DEBUG msg=playerState.onTick pos=1.05s dur=25m46.296s path=/home/patrick/tp7/Work/2026-05-08_130642_000.mp3
time=2026-05-08T19:45:01.107+02:00 level=DEBUG msg="tab1 space: toggle" path=/home/patrick/tp7/Work/2026-05-08_130642_000.mp3
time=2026-05-08T19:45:01.107+02:00 level=DEBUG msg="playerState.toggle: pausing" path=/home/patrick/tp7/Work/2026-05-08_130642_000.mp3
time=2026-05-08T19:45:01.168+02:00 level=DEBUG msg="rootModel: routing playback msg" active=0 type=main.playbackTickMsg
time=2026-05-08T19:45:01.169+02:00 level=DEBUG msg=playerState.onTick pos=1.05s dur=25m46.296s path=/home/patrick/tp7/Work/2026-05-08_130642_000.mp3
time=2026-05-08T19:45:01.270+02:00 level=DEBUG msg="rootModel: routing playback msg" active=0 type=main.playbackTickMsg
time=2026-05-08T19:45:01.270+02:00 level=DEBUG msg=playerState.onTick pos=1.05s dur=25m46.296s path=/home/patrick/tp7/Work/2026-05-08_130642_000.mp3
time=2026-05-08T19:45:01.371+02:00 level=DEBUG msg="rootModel: routing playback msg" active=0 type=main.playbackTickMsg
time=2026-05-08T19:45:01.371+02:00 level=DEBUG msg=playerState.onTick pos=1.05s dur=25m46.296s path=/home/patrick/tp7/Work/2026-05-08_130642_000.mp3
time=2026-05-09T13:28:50.570+02:00 level=DEBUG msg="config loaded" path=/home/patrick/.config/tp7/tp7.yaml library.path=/home/patrick/tp7 mtp_device.vendor_id=2367 mtp_device.product_id=0019 transcriber.host=192.168.178.169
time=2026-05-09T13:30:47.714+02:00 level=DEBUG msg="config loaded" path=/home/patrick/.config/tp7/tp7.yaml library.path=/home/patrick/tp7 mtp_device.vendor_id=2367 mtp_device.product_id=0019 transcriber.host=192.168.178.169 transcriber.port=8765
time=2026-05-09T14:25:21.364+02:00 level=DEBUG msg="config loaded" path=/home/patrick/.config/tp7/tp7.yaml library.path=/home/patrick/tp7 mtp_device.vendor_id=2367 mtp_device.product_id=0019 transcriber.host=192.168.178.169 transcriber.port=8765
time=2026-05-09T14:25:21.364+02:00 level=DEBUG msg="transcriber client configured" host=192.168.178.169 port=8765
time=2026-05-09T14:25:22.527+02:00 level=DEBUG msg=playerState.stop was=""
time=2026-05-09T14:25:22.681+02:00 level=DEBUG msg=playerState.stop was=""
time=2026-05-09T14:25:22.810+02:00 level=DEBUG msg=playerState.stop was=""
time=2026-05-09T14:25:23.331+02:00 level=DEBUG msg=playerState.stop was=""
time=2026-05-09T14:25:23.583+02:00 level=DEBUG msg=playerState.stop was=""
time=2026-05-09T14:25:24.139+02:00 level=DEBUG msg=playerState.stop was=""
time=2026-05-09T14:25:25.346+02:00 level=DEBUG msg=playerState.stop was=""
time=2026-05-09T14:25:25.507+02:00 level=DEBUG msg=playerState.stop was=""
time=2026-05-09T14:25:26.367+02:00 level=DEBUG msg="importer: searching for device" err="USB device 2367:0019 not found in sysfs"
time=2026-05-09T14:25:30.083+02:00 level=DEBUG msg="tab1 space: toggle" path=/home/patrick/tp7/Music/2026-05-05_134322_000.mp3
time=2026-05-09T14:25:30.083+02:00 level=DEBUG msg="playerState.toggle: starting" path=/home/patrick/tp7/Music/2026-05-05_134322_000.mp3 prev=""
time=2026-05-09T14:25:30.084+02:00 level=DEBUG msg="playCmd: starting" path=/home/patrick/tp7/Music/2026-05-05_134322_000.mp3
time=2026-05-09T14:25:30.184+02:00 level=DEBUG msg="rootModel: routing playback msg" active=0 type=main.playbackTickMsg
time=2026-05-09T14:25:30.184+02:00 level=DEBUG msg=playerState.onTick pos=50ms dur=9.324s path=/home/patrick/tp7/Music/2026-05-05_134322_000.mp3
time=2026-05-09T14:25:30.285+02:00 level=DEBUG msg="rootModel: routing playback msg" active=0 type=main.playbackTickMsg
time=2026-05-09T14:25:30.285+02:00 level=DEBUG msg=playerState.onTick pos=100ms dur=9.324s path=/home/patrick/tp7/Music/2026-05-05_134322_000.mp3
time=2026-05-09T14:25:30.386+02:00 level=DEBUG msg="rootModel: routing playback msg" active=0 type=main.playbackTickMsg
time=2026-05-09T14:25:30.386+02:00 level=DEBUG msg=playerState.onTick pos=200ms dur=9.324s path=/home/patrick/tp7/Music/2026-05-05_134322_000.mp3
time=2026-05-09T14:25:30.487+02:00 level=DEBUG msg="rootModel: routing playback msg" active=0 type=main.playbackTickMsg
time=2026-05-09T14:25:30.487+02:00 level=DEBUG msg=playerState.onTick pos=350ms dur=9.324s path=/home/patrick/tp7/Music/2026-05-05_134322_000.mp3
time=2026-05-09T14:25:30.587+02:00 level=DEBUG msg="rootModel: routing playback msg" active=0 type=main.playbackTickMsg
time=2026-05-09T14:25:30.587+02:00 level=DEBUG msg=playerState.onTick pos=450ms dur=9.324s path=/home/patrick/tp7/Music/2026-05-05_134322_000.mp3
time=2026-05-09T14:25:30.688+02:00 level=DEBUG msg="rootModel: routing playback msg" active=0 type=main.playbackTickMsg
time=2026-05-09T14:25:30.688+02:00 level=DEBUG msg=playerState.onTick pos=500ms dur=9.324s path=/home/patrick/tp7/Music/2026-05-05_134322_000.mp3
time=2026-05-09T14:25:30.788+02:00 level=DEBUG msg="rootModel: routing playback msg" active=0 type=main.playbackTickMsg
time=2026-05-09T14:25:30.789+02:00 level=DEBUG msg=playerState.onTick pos=650ms dur=9.324s path=/home/patrick/tp7/Music/2026-05-05_134322_000.mp3
time=2026-05-09T14:25:30.890+02:00 level=DEBUG msg="rootModel: routing playback msg" active=0 type=main.playbackTickMsg
time=2026-05-09T14:25:30.890+02:00 level=DEBUG msg=playerState.onTick pos=750ms dur=9.324s path=/home/patrick/tp7/Music/2026-05-05_134322_000.mp3
time=2026-05-09T14:25:30.990+02:00 level=DEBUG msg="rootModel: routing playback msg" active=0 type=main.playbackTickMsg
time=2026-05-09T14:25:30.990+02:00 level=DEBUG msg=playerState.onTick pos=800ms dur=9.324s path=/home/patrick/tp7/Music/2026-05-05_134322_000.mp3
time=2026-05-09T14:25:31.091+02:00 level=DEBUG msg="rootModel: routing playback msg" active=0 type=main.playbackTickMsg
time=2026-05-09T14:25:31.091+02:00 level=DEBUG msg=playerState.onTick pos=950ms dur=9.324s path=/home/patrick/tp7/Music/2026-05-05_134322_000.mp3
time=2026-05-09T14:25:31.191+02:00 level=DEBUG msg="rootModel: routing playback msg" active=0 type=main.playbackTickMsg
time=2026-05-09T14:25:31.191+02:00 level=DEBUG msg=playerState.onTick pos=1.05s dur=9.324s path=/home/patrick/tp7/Music/2026-05-05_134322_000.mp3
time=2026-05-09T14:25:31.292+02:00 level=DEBUG msg="rootModel: routing playback msg" active=0 type=main.playbackTickMsg
time=2026-05-09T14:25:31.292+02:00 level=DEBUG msg=playerState.onTick pos=1.15s dur=9.324s path=/home/patrick/tp7/Music/2026-05-05_134322_000.mp3
time=2026-05-09T14:25:31.367+02:00 level=DEBUG msg="importer: searching for device" err="USB device 2367:0019 not found in sysfs"
time=2026-05-09T14:25:31.393+02:00 level=DEBUG msg="rootModel: routing playback msg" active=0 type=main.playbackTickMsg
time=2026-05-09T14:25:31.393+02:00 level=DEBUG msg=playerState.onTick pos=1.2s dur=9.324s path=/home/patrick/tp7/Music/2026-05-05_134322_000.mp3
time=2026-05-09T14:25:31.493+02:00 level=DEBUG msg="rootModel: routing playback msg" active=0 type=main.playbackTickMsg
time=2026-05-09T14:25:31.493+02:00 level=DEBUG msg=playerState.onTick pos=1.35s dur=9.324s path=/home/patrick/tp7/Music/2026-05-05_134322_000.mp3
time=2026-05-09T14:25:31.594+02:00 level=DEBUG msg="rootModel: routing playback msg" active=0 type=main.playbackTickMsg
time=2026-05-09T14:25:31.594+02:00 level=DEBUG msg=playerState.onTick pos=1.45s dur=9.324s path=/home/patrick/tp7/Music/2026-05-05_134322_000.mp3
time=2026-05-09T14:25:31.694+02:00 level=DEBUG msg="rootModel: routing playback msg" active=0 type=main.playbackTickMsg
time=2026-05-09T14:25:31.695+02:00 level=DEBUG msg=playerState.onTick pos=1.5s dur=9.324s path=/home/patrick/tp7/Music/2026-05-05_134322_000.mp3
time=2026-05-09T14:25:31.795+02:00 level=DEBUG msg="rootModel: routing playback msg" active=0 type=main.playbackTickMsg
time=2026-05-09T14:25:31.795+02:00 level=DEBUG msg=playerState.onTick pos=1.65s dur=9.324s path=/home/patrick/tp7/Music/2026-05-05_134322_000.mp3
time=2026-05-09T14:25:31.896+02:00 level=DEBUG msg="rootModel: routing playback msg" active=0 type=main.playbackTickMsg
time=2026-05-09T14:25:31.896+02:00 level=DEBUG msg=playerState.onTick pos=1.75s dur=9.324s path=/home/patrick/tp7/Music/2026-05-05_134322_000.mp3
time=2026-05-09T14:25:31.997+02:00 level=DEBUG msg="rootModel: routing playback msg" active=0 type=main.playbackTickMsg
time=2026-05-09T14:25:31.997+02:00 level=DEBUG msg=playerState.onTick pos=1.85s dur=9.324s path=/home/patrick/tp7/Music/2026-05-05_134322_000.mp3
time=2026-05-09T14:25:32.098+02:00 level=DEBUG msg="rootModel: routing playback msg" active=0 type=main.playbackTickMsg
time=2026-05-09T14:25:32.098+02:00 level=DEBUG msg=playerState.onTick pos=1.95s dur=9.324s path=/home/patrick/tp7/Music/2026-05-05_134322_000.mp3
time=2026-05-09T14:25:32.198+02:00 level=DEBUG msg="rootModel: routing playback msg" active=0 type=main.playbackTickMsg
time=2026-05-09T14:25:32.198+02:00 level=DEBUG msg=playerState.onTick pos=2.05s dur=9.324s path=/home/patrick/tp7/Music/2026-05-05_134322_000.mp3
time=2026-05-09T14:25:32.298+02:00 level=DEBUG msg="rootModel: routing playback msg" active=0 type=main.playbackTickMsg
time=2026-05-09T14:25:32.298+02:00 level=DEBUG msg=playerState.onTick pos=2.15s dur=9.324s path=/home/patrick/tp7/Music/2026-05-05_134322_000.mp3
time=2026-05-09T14:25:32.362+02:00 level=DEBUG msg="tab1 space: toggle" path=/home/patrick/tp7/Music/2026-05-05_134322_000.mp3
time=2026-05-09T14:25:32.362+02:00 level=DEBUG msg="playerState.toggle: pausing" path=/home/patrick/tp7/Music/2026-05-05_134322_000.mp3
time=2026-05-09T14:25:32.399+02:00 level=DEBUG msg="rootModel: routing playback msg" active=0 type=main.playbackTickMsg
time=2026-05-09T14:25:32.399+02:00 level=DEBUG msg=playerState.onTick pos=2.2s dur=9.324s path=/home/patrick/tp7/Music/2026-05-05_134322_000.mp3
time=2026-05-09T14:25:32.500+02:00 level=DEBUG msg="rootModel: routing playback msg" active=0 type=main.playbackTickMsg
time=2026-05-09T14:25:32.500+02:00 level=DEBUG msg=playerState.onTick pos=2.2s dur=9.324s path=/home/patrick/tp7/Music/2026-05-05_134322_000.mp3
time=2026-05-09T14:25:32.601+02:00 level=DEBUG msg="rootModel: routing playback msg" active=0 type=main.playbackTickMsg
time=2026-05-09T14:25:32.601+02:00 level=DEBUG msg=playerState.onTick pos=2.2s dur=9.324s path=/home/patrick/tp7/Music/2026-05-05_134322_000.mp3
time=2026-05-09T14:25:32.702+02:00 level=DEBUG msg="rootModel: routing playback msg" active=0 type=main.playbackTickMsg
time=2026-05-09T14:25:32.702+02:00 level=DEBUG msg=playerState.onTick pos=2.2s dur=9.324s path=/home/patrick/tp7/Music/2026-05-05_134322_000.mp3
time=2026-05-09T14:25:32.802+02:00 level=DEBUG msg="rootModel: routing playback msg" active=0 type=main.playbackTickMsg
time=2026-05-09T14:25:32.802+02:00 level=DEBUG msg=playerState.onTick pos=2.2s dur=9.324s path=/home/patrick/tp7/Music/2026-05-05_134322_000.mp3
time=2026-05-09T14:25:32.903+02:00 level=DEBUG msg="rootModel: routing playback msg" active=0 type=main.playbackTickMsg
time=2026-05-09T14:25:32.903+02:00 level=DEBUG msg=playerState.onTick pos=2.2s dur=9.324s path=/home/patrick/tp7/Music/2026-05-05_134322_000.mp3
time=2026-05-09T14:25:33.004+02:00 level=DEBUG msg="rootModel: routing playback msg" active=0 type=main.playbackTickMsg
time=2026-05-09T14:25:33.004+02:00 level=DEBUG msg=playerState.onTick pos=2.2s dur=9.324s path=/home/patrick/tp7/Music/2026-05-05_134322_000.mp3
time=2026-05-09T14:25:33.104+02:00 level=DEBUG msg="rootModel: routing playback msg" active=0 type=main.playbackTickMsg
time=2026-05-09T14:25:33.104+02:00 level=DEBUG msg=playerState.onTick pos=2.2s dur=9.324s path=/home/patrick/tp7/Music/2026-05-05_134322_000.mp3
time=2026-05-09T14:25:33.205+02:00 level=DEBUG msg="rootModel: routing playback msg" active=0 type=main.playbackTickMsg
time=2026-05-09T14:25:33.205+02:00 level=DEBUG msg=playerState.onTick pos=2.2s dur=9.324s path=/home/patrick/tp7/Music/2026-05-05_134322_000.mp3
time=2026-05-09T14:25:33.306+02:00 level=DEBUG msg="rootModel: routing playback msg" active=0 type=main.playbackTickMsg
time=2026-05-09T14:25:33.306+02:00 level=DEBUG msg=playerState.onTick pos=2.2s dur=9.324s path=/home/patrick/tp7/Music/2026-05-05_134322_000.mp3
time=2026-05-09T14:25:33.406+02:00 level=DEBUG msg="rootModel: routing playback msg" active=0 type=main.playbackTickMsg
time=2026-05-09T14:25:33.406+02:00 level=DEBUG msg=playerState.onTick pos=2.2s dur=9.324s path=/home/patrick/tp7/Music/2026-05-05_134322_000.mp3
time=2026-05-09T14:25:33.507+02:00 level=DEBUG msg="rootModel: routing playback msg" active=0 type=main.playbackTickMsg
time=2026-05-09T14:25:33.507+02:00 level=DEBUG msg=playerState.onTick pos=2.2s dur=9.324s path=/home/patrick/tp7/Music/2026-05-05_134322_000.mp3
time=2026-05-09T14:25:33.608+02:00 level=DEBUG msg="rootModel: routing playback msg" active=0 type=main.playbackTickMsg
time=2026-05-09T14:25:33.608+02:00 level=DEBUG msg=playerState.onTick pos=2.2s dur=9.324s path=/home/patrick/tp7/Music/2026-05-05_134322_000.mp3
time=2026-05-09T14:25:33.709+02:00 level=DEBUG msg="rootModel: routing playback msg" active=0 type=main.playbackTickMsg
time=2026-05-09T14:25:33.709+02:00 level=DEBUG msg=playerState.onTick pos=2.2s dur=9.324s path=/home/patrick/tp7/Music/2026-05-05_134322_000.mp3
time=2026-05-09T14:25:33.810+02:00 level=DEBUG msg="rootModel: routing playback msg" active=0 type=main.playbackTickMsg
time=2026-05-09T14:25:33.810+02:00 level=DEBUG msg=playerState.onTick pos=2.2s dur=9.324s path=/home/patrick/tp7/Music/2026-05-05_134322_000.mp3
time=2026-05-09T14:25:33.910+02:00 level=DEBUG msg="rootModel: routing playback msg" active=0 type=main.playbackTickMsg
time=2026-05-09T14:25:33.910+02:00 level=DEBUG msg=playerState.onTick pos=2.2s dur=9.324s path=/home/patrick/tp7/Music/2026-05-05_134322_000.mp3
time=2026-05-09T14:25:34.011+02:00 level=DEBUG msg="rootModel: routing playback msg" active=0 type=main.playbackTickMsg
time=2026-05-09T14:25:34.011+02:00 level=DEBUG msg=playerState.onTick pos=2.2s dur=9.324s path=/home/patrick/tp7/Music/2026-05-05_134322_000.mp3
time=2026-05-09T14:25:34.112+02:00 level=DEBUG msg="rootModel: routing playback msg" active=0 type=main.playbackTickMsg
time=2026-05-09T14:25:34.112+02:00 level=DEBUG msg=playerState.onTick pos=2.2s dur=9.324s path=/home/patrick/tp7/Music/2026-05-05_134322_000.mp3
time=2026-05-09T14:25:34.213+02:00 level=DEBUG msg="rootModel: routing playback msg" active=0 type=main.playbackTickMsg
time=2026-05-09T14:25:34.213+02:00 level=DEBUG msg=playerState.onTick pos=2.2s dur=9.324s path=/home/patrick/tp7/Music/2026-05-05_134322_000.mp3
time=2026-05-09T14:25:34.314+02:00 level=DEBUG msg="rootModel: routing playback msg" active=0 type=main.playbackTickMsg
time=2026-05-09T14:25:34.314+02:00 level=DEBUG msg=playerState.onTick pos=2.2s dur=9.324s path=/home/patrick/tp7/Music/2026-05-05_134322_000.mp3
time=2026-05-09T14:25:34.415+02:00 level=DEBUG msg="rootModel: routing playback msg" active=0 type=main.playbackTickMsg
time=2026-05-09T14:25:34.415+02:00 level=DEBUG msg=playerState.onTick pos=2.2s dur=9.324s path=/home/patrick/tp7/Music/2026-05-05_134322_000.mp3
time=2026-05-09T14:25:34.516+02:00 level=DEBUG msg="rootModel: routing playback msg" active=0 type=main.playbackTickMsg
time=2026-05-09T14:25:34.516+02:00 level=DEBUG msg=playerState.onTick pos=2.2s dur=9.324s path=/home/patrick/tp7/Music/2026-05-05_134322_000.mp3
time=2026-05-09T14:25:34.617+02:00 level=DEBUG msg="rootModel: routing playback msg" active=0 type=main.playbackTickMsg
time=2026-05-09T14:25:34.617+02:00 level=DEBUG msg=playerState.onTick pos=2.2s dur=9.324s path=/home/patrick/tp7/Music/2026-05-05_134322_000.mp3
time=2026-05-09T14:25:34.718+02:00 level=DEBUG msg="rootModel: routing playback msg" active=0 type=main.playbackTickMsg
time=2026-05-09T14:25:34.718+02:00 level=DEBUG msg=playerState.onTick pos=2.2s dur=9.324s path=/home/patrick/tp7/Music/2026-05-05_134322_000.mp3
time=2026-05-09T14:25:34.819+02:00 level=DEBUG msg="rootModel: routing playback msg" active=0 type=main.playbackTickMsg
time=2026-05-09T14:25:34.819+02:00 level=DEBUG msg=playerState.onTick pos=2.2s dur=9.324s path=/home/patrick/tp7/Music/2026-05-05_134322_000.mp3
time=2026-05-09T14:25:34.920+02:00 level=DEBUG msg="rootModel: routing playback msg" active=0 type=main.playbackTickMsg
time=2026-05-09T14:25:34.920+02:00 level=DEBUG msg=playerState.onTick pos=2.2s dur=9.324s path=/home/patrick/tp7/Music/2026-05-05_134322_000.mp3
time=2026-05-09T14:25:35.021+02:00 level=DEBUG msg="rootModel: routing playback msg" active=0 type=main.playbackTickMsg
time=2026-05-09T14:25:35.021+02:00 level=DEBUG msg=playerState.onTick pos=2.2s dur=9.324s path=/home/patrick/tp7/Music/2026-05-05_134322_000.mp3
time=2026-05-09T14:25:35.122+02:00 level=DEBUG msg="rootModel: routing playback msg" active=0 type=main.playbackTickMsg
time=2026-05-09T14:25:35.122+02:00 level=DEBUG msg=playerState.onTick pos=2.2s dur=9.324s path=/home/patrick/tp7/Music/2026-05-05_134322_000.mp3
time=2026-05-09T14:25:35.222+02:00 level=DEBUG msg="rootModel: routing playback msg" active=0 type=main.playbackTickMsg
time=2026-05-09T14:25:35.222+02:00 level=DEBUG msg=playerState.onTick pos=2.2s dur=9.324s path=/home/patrick/tp7/Music/2026-05-05_134322_000.mp3
time=2026-05-09T14:25:35.323+02:00 level=DEBUG msg="rootModel: routing playback msg" active=0 type=main.playbackTickMsg
time=2026-05-09T14:25:35.323+02:00 level=DEBUG msg=playerState.onTick pos=2.2s dur=9.324s path=/home/patrick/tp7/Music/2026-05-05_134322_000.mp3
time=2026-05-09T14:25:35.423+02:00 level=DEBUG msg="rootModel: routing playback msg" active=0 type=main.playbackTickMsg
time=2026-05-09T14:25:35.423+02:00 level=DEBUG msg=playerState.onTick pos=2.2s dur=9.324s path=/home/patrick/tp7/Music/2026-05-05_134322_000.mp3
time=2026-05-09T14:25:35.524+02:00 level=DEBUG msg="rootModel: routing playback msg" active=0 type=main.playbackTickMsg
time=2026-05-09T14:25:35.524+02:00 level=DEBUG msg=playerState.onTick pos=2.2s dur=9.324s path=/home/patrick/tp7/Music/2026-05-05_134322_000.mp3
time=2026-05-09T14:25:35.625+02:00 level=DEBUG msg="rootModel: routing playback msg" active=0 type=main.playbackTickMsg
time=2026-05-09T14:25:35.625+02:00 level=DEBUG msg=playerState.onTick pos=2.2s dur=9.324s path=/home/patrick/tp7/Music/2026-05-05_134322_000.mp3
time=2026-05-09T14:25:35.726+02:00 level=DEBUG msg="rootModel: routing playback msg" active=0 type=main.playbackTickMsg
time=2026-05-09T14:25:35.726+02:00 level=DEBUG msg=playerState.onTick pos=2.2s dur=9.324s path=/home/patrick/tp7/Music/2026-05-05_134322_000.mp3
time=2026-05-09T14:25:35.827+02:00 level=DEBUG msg="rootModel: routing playback msg" active=0 type=main.playbackTickMsg
time=2026-05-09T14:25:35.827+02:00 level=DEBUG msg=playerState.onTick pos=2.2s dur=9.324s path=/home/patrick/tp7/Music/2026-05-05_134322_000.mp3
time=2026-05-09T14:25:35.927+02:00 level=DEBUG msg="rootModel: routing playback msg" active=0 type=main.playbackTickMsg
time=2026-05-09T14:25:35.927+02:00 level=DEBUG msg=playerState.onTick pos=2.2s dur=9.324s path=/home/patrick/tp7/Music/2026-05-05_134322_000.mp3
time=2026-05-09T14:25:36.029+02:00 level=DEBUG msg="rootModel: routing playback msg" active=0 type=main.playbackTickMsg
time=2026-05-09T14:25:36.029+02:00 level=DEBUG msg=playerState.onTick pos=2.2s dur=9.324s path=/home/patrick/tp7/Music/2026-05-05_134322_000.mp3
time=2026-05-09T14:25:36.130+02:00 level=DEBUG msg="rootModel: routing playback msg" active=0 type=main.playbackTickMsg
time=2026-05-09T14:25:36.130+02:00 level=DEBUG msg=playerState.onTick pos=2.2s dur=9.324s path=/home/patrick/tp7/Music/2026-05-05_134322_000.mp3
time=2026-05-09T14:25:36.231+02:00 level=DEBUG msg="rootModel: routing playback msg" active=0 type=main.playbackTickMsg
time=2026-05-09T14:25:36.231+02:00 level=DEBUG msg=playerState.onTick pos=2.2s dur=9.324s path=/home/patrick/tp7/Music/2026-05-05_134322_000.mp3
time=2026-05-09T14:25:36.332+02:00 level=DEBUG msg="rootModel: routing playback msg" active=0 type=main.playbackTickMsg
time=2026-05-09T14:25:36.332+02:00 level=DEBUG msg=playerState.onTick pos=2.2s dur=9.324s path=/home/patrick/tp7/Music/2026-05-05_134322_000.mp3
time=2026-05-09T14:25:36.366+02:00 level=DEBUG msg="importer: searching for device" err="USB device 2367:0019 not found in sysfs"
time=2026-05-09T14:25:36.432+02:00 level=DEBUG msg="rootModel: routing playback msg" active=0 type=main.playbackTickMsg
time=2026-05-09T14:25:36.432+02:00 level=DEBUG msg=playerState.onTick pos=2.2s dur=9.324s path=/home/patrick/tp7/Music/2026-05-05_134322_000.mp3
time=2026-05-09T14:25:36.533+02:00 level=DEBUG msg="rootModel: routing playback msg" active=0 type=main.playbackTickMsg
time=2026-05-09T14:25:36.533+02:00 level=DEBUG msg=playerState.onTick pos=2.2s dur=9.324s path=/home/patrick/tp7/Music/2026-05-05_134322_000.mp3
time=2026-05-09T14:25:36.634+02:00 level=DEBUG msg="rootModel: routing playback msg" active=0 type=main.playbackTickMsg
time=2026-05-09T14:25:36.634+02:00 level=DEBUG msg=playerState.onTick pos=2.2s dur=9.324s path=/home/patrick/tp7/Music/2026-05-05_134322_000.mp3
time=2026-05-09T14:25:36.734+02:00 level=DEBUG msg="rootModel: routing playback msg" active=0 type=main.playbackTickMsg
time=2026-05-09T14:25:36.734+02:00 level=DEBUG msg=playerState.onTick pos=2.2s dur=9.324s path=/home/patrick/tp7/Music/2026-05-05_134322_000.mp3
time=2026-05-09T14:25:36.835+02:00 level=DEBUG msg="rootModel: routing playback msg" active=0 type=main.playbackTickMsg
time=2026-05-09T14:25:36.835+02:00 level=DEBUG msg=playerState.onTick pos=2.2s dur=9.324s path=/home/patrick/tp7/Music/2026-05-05_134322_000.mp3
time=2026-05-09T14:25:36.936+02:00 level=DEBUG msg="rootModel: routing playback msg" active=0 type=main.playbackTickMsg
time=2026-05-09T14:25:36.937+02:00 level=DEBUG msg=playerState.onTick pos=2.2s dur=9.324s path=/home/patrick/tp7/Music/2026-05-05_134322_000.mp3
time=2026-05-09T14:25:37.037+02:00 level=DEBUG msg="rootModel: routing playback msg" active=0 type=main.playbackTickMsg
time=2026-05-09T14:25:37.037+02:00 level=DEBUG msg=playerState.onTick pos=2.2s dur=9.324s path=/home/patrick/tp7/Music/2026-05-05_134322_000.mp3
time=2026-05-09T14:25:37.139+02:00 level=DEBUG msg="rootModel: routing playback msg" active=0 type=main.playbackTickMsg
time=2026-05-09T14:25:37.139+02:00 level=DEBUG msg=playerState.onTick pos=2.2s dur=9.324s path=/home/patrick/tp7/Music/2026-05-05_134322_000.mp3
time=2026-05-09T14:25:37.239+02:00 level=DEBUG msg="rootModel: routing playback msg" active=0 type=main.playbackTickMsg
time=2026-05-09T14:25:37.240+02:00 level=DEBUG msg=playerState.onTick pos=2.2s dur=9.324s path=/home/patrick/tp7/Music/2026-05-05_134322_000.mp3
time=2026-05-09T14:25:37.340+02:00 level=DEBUG msg="rootModel: routing playback msg" active=0 type=main.playbackTickMsg
time=2026-05-09T14:25:37.340+02:00 level=DEBUG msg=playerState.onTick pos=2.2s dur=9.324s path=/home/patrick/tp7/Music/2026-05-05_134322_000.mp3
time=2026-05-09T14:25:37.441+02:00 level=DEBUG msg="rootModel: routing playback msg" active=0 type=main.playbackTickMsg
time=2026-05-09T14:25:37.441+02:00 level=DEBUG msg=playerState.onTick pos=2.2s dur=9.324s path=/home/patrick/tp7/Music/2026-05-05_134322_000.mp3
time=2026-05-09T14:25:37.542+02:00 level=DEBUG msg="rootModel: routing playback msg" active=0 type=main.playbackTickMsg
time=2026-05-09T14:25:37.542+02:00 level=DEBUG msg=playerState.onTick pos=2.2s dur=9.324s path=/home/patrick/tp7/Music/2026-05-05_134322_000.mp3
time=2026-05-09T14:25:37.643+02:00 level=DEBUG msg="rootModel: routing playback msg" active=0 type=main.playbackTickMsg
time=2026-05-09T14:25:37.643+02:00 level=DEBUG msg=playerState.onTick pos=2.2s dur=9.324s path=/home/patrick/tp7/Music/2026-05-05_134322_000.mp3
time=2026-05-09T14:25:37.744+02:00 level=DEBUG msg="rootModel: routing playback msg" active=0 type=main.playbackTickMsg
time=2026-05-09T14:25:37.744+02:00 level=DEBUG msg=playerState.onTick pos=2.2s dur=9.324s path=/home/patrick/tp7/Music/2026-05-05_134322_000.mp3
time=2026-05-09T14:25:37.845+02:00 level=DEBUG msg="rootModel: routing playback msg" active=0 type=main.playbackTickMsg
time=2026-05-09T14:25:37.845+02:00 level=DEBUG msg=playerState.onTick pos=2.2s dur=9.324s path=/home/patrick/tp7/Music/2026-05-05_134322_000.mp3
time=2026-05-09T14:25:37.946+02:00 level=DEBUG msg="rootModel: routing playback msg" active=0 type=main.playbackTickMsg
time=2026-05-09T14:25:37.946+02:00 level=DEBUG msg=playerState.onTick pos=2.2s dur=9.324s path=/home/patrick/tp7/Music/2026-05-05_134322_000.mp3
time=2026-05-09T14:25:38.047+02:00 level=DEBUG msg="rootModel: routing playback msg" active=0 type=main.playbackTickMsg
time=2026-05-09T14:25:38.047+02:00 level=DEBUG msg=playerState.onTick pos=2.2s dur=9.324s path=/home/patrick/tp7/Music/2026-05-05_134322_000.mp3
time=2026-05-09T14:25:38.147+02:00 level=DEBUG msg="rootModel: routing playback msg" active=0 type=main.playbackTickMsg
time=2026-05-09T14:25:38.147+02:00 level=DEBUG msg=playerState.onTick pos=2.2s dur=9.324s path=/home/patrick/tp7/Music/2026-05-05_134322_000.mp3
time=2026-05-09T14:25:38.248+02:00 level=DEBUG msg="rootModel: routing playback msg" active=0 type=main.playbackTickMsg
time=2026-05-09T14:25:38.248+02:00 level=DEBUG msg=playerState.onTick pos=2.2s dur=9.324s path=/home/patrick/tp7/Music/2026-05-05_134322_000.mp3
time=2026-05-09T14:25:38.348+02:00 level=DEBUG msg="rootModel: routing playback msg" active=0 type=main.playbackTickMsg
time=2026-05-09T14:25:38.348+02:00 level=DEBUG msg=playerState.onTick pos=2.2s dur=9.324s path=/home/patrick/tp7/Music/2026-05-05_134322_000.mp3
time=2026-05-09T14:25:38.449+02:00 level=DEBUG msg="rootModel: routing playback msg" active=0 type=main.playbackTickMsg
time=2026-05-09T14:25:38.449+02:00 level=DEBUG msg=playerState.onTick pos=2.2s dur=9.324s path=/home/patrick/tp7/Music/2026-05-05_134322_000.mp3
time=2026-05-09T14:25:38.550+02:00 level=DEBUG msg="rootModel: routing playback msg" active=0 type=main.playbackTickMsg
time=2026-05-09T14:25:38.550+02:00 level=DEBUG msg=playerState.onTick pos=2.2s dur=9.324s path=/home/patrick/tp7/Music/2026-05-05_134322_000.mp3
time=2026-05-09T14:25:38.650+02:00 level=DEBUG msg="rootModel: routing playback msg" active=0 type=main.playbackTickMsg
time=2026-05-09T14:25:38.650+02:00 level=DEBUG msg=playerState.onTick pos=2.2s dur=9.324s path=/home/patrick/tp7/Music/2026-05-05_134322_000.mp3
time=2026-05-09T14:25:38.751+02:00 level=DEBUG msg="rootModel: routing playback msg" active=0 type=main.playbackTickMsg
time=2026-05-09T14:25:38.751+02:00 level=DEBUG msg=playerState.onTick pos=2.2s dur=9.324s path=/home/patrick/tp7/Music/2026-05-05_134322_000.mp3
time=2026-05-09T14:25:38.851+02:00 level=DEBUG msg="rootModel: routing playback msg" active=0 type=main.playbackTickMsg
time=2026-05-09T14:25:38.851+02:00 level=DEBUG msg=playerState.onTick pos=2.2s dur=9.324s path=/home/patrick/tp7/Music/2026-05-05_134322_000.mp3
time=2026-05-09T14:25:38.953+02:00 level=DEBUG msg="rootModel: routing playback msg" active=0 type=main.playbackTickMsg
time=2026-05-09T14:25:38.953+02:00 level=DEBUG msg=playerState.onTick pos=2.2s dur=9.324s path=/home/patrick/tp7/Music/2026-05-05_134322_000.mp3
time=2026-05-09T14:25:39.054+02:00 level=DEBUG msg="rootModel: routing playback msg" active=0 type=main.playbackTickMsg
time=2026-05-09T14:25:39.054+02:00 level=DEBUG msg=playerState.onTick pos=2.2s dur=9.324s path=/home/patrick/tp7/Music/2026-05-05_134322_000.mp3
time=2026-05-09T14:25:39.154+02:00 level=DEBUG msg="rootModel: routing playback msg" active=0 type=main.playbackTickMsg
time=2026-05-09T14:25:39.154+02:00 level=DEBUG msg=playerState.onTick pos=2.2s dur=9.324s path=/home/patrick/tp7/Music/2026-05-05_134322_000.mp3
time=2026-05-09T14:25:39.255+02:00 level=DEBUG msg="rootModel: routing playback msg" active=0 type=main.playbackTickMsg
time=2026-05-09T14:25:39.255+02:00 level=DEBUG msg=playerState.onTick pos=2.2s dur=9.324s path=/home/patrick/tp7/Music/2026-05-05_134322_000.mp3
time=2026-05-09T14:25:39.355+02:00 level=DEBUG msg="rootModel: routing playback msg" active=0 type=main.playbackTickMsg
time=2026-05-09T14:25:39.355+02:00 level=DEBUG msg=playerState.onTick pos=2.2s dur=9.324s path=/home/patrick/tp7/Music/2026-05-05_134322_000.mp3
time=2026-05-09T14:25:39.456+02:00 level=DEBUG msg="rootModel: routing playback msg" active=0 type=main.playbackTickMsg
time=2026-05-09T14:25:39.456+02:00 level=DEBUG msg=playerState.onTick pos=2.2s dur=9.324s path=/home/patrick/tp7/Music/2026-05-05_134322_000.mp3
time=2026-05-09T14:25:39.556+02:00 level=DEBUG msg="rootModel: routing playback msg" active=0 type=main.playbackTickMsg
time=2026-05-09T14:25:39.557+02:00 level=DEBUG msg=playerState.onTick pos=2.2s dur=9.324s path=/home/patrick/tp7/Music/2026-05-05_134322_000.mp3
time=2026-05-09T14:25:39.658+02:00 level=DEBUG msg="rootModel: routing playback msg" active=0 type=main.playbackTickMsg
time=2026-05-09T14:25:39.658+02:00 level=DEBUG msg=playerState.onTick pos=2.2s dur=9.324s path=/home/patrick/tp7/Music/2026-05-05_134322_000.mp3
time=2026-05-09T14:25:39.758+02:00 level=DEBUG msg="rootModel: routing playback msg" active=0 type=main.playbackTickMsg
time=2026-05-09T14:25:39.758+02:00 level=DEBUG msg=playerState.onTick pos=2.2s dur=9.324s path=/home/patrick/tp7/Music/2026-05-05_134322_000.mp3
time=2026-05-09T14:25:39.860+02:00 level=DEBUG msg="rootModel: routing playback msg" active=0 type=main.playbackTickMsg
time=2026-05-09T14:25:39.860+02:00 level=DEBUG msg=playerState.onTick pos=2.2s dur=9.324s path=/home/patrick/tp7/Music/2026-05-05_134322_000.mp3
time=2026-05-09T14:25:39.960+02:00 level=DEBUG msg="rootModel: routing playback msg" active=0 type=main.playbackTickMsg
time=2026-05-09T14:25:39.960+02:00 level=DEBUG msg=playerState.onTick pos=2.2s dur=9.324s path=/home/patrick/tp7/Music/2026-05-05_134322_000.mp3
time=2026-05-09T14:25:40.061+02:00 level=DEBUG msg="rootModel: routing playback msg" active=0 type=main.playbackTickMsg
time=2026-05-09T14:25:40.061+02:00 level=DEBUG msg=playerState.onTick pos=2.2s dur=9.324s path=/home/patrick/tp7/Music/2026-05-05_134322_000.mp3
time=2026-05-09T14:25:40.162+02:00 level=DEBUG msg="rootModel: routing playback msg" active=0 type=main.playbackTickMsg
time=2026-05-09T14:25:40.162+02:00 level=DEBUG msg=playerState.onTick pos=2.2s dur=9.324s path=/home/patrick/tp7/Music/2026-05-05_134322_000.mp3
time=2026-05-09T14:25:40.263+02:00 level=DEBUG msg="rootModel: routing playback msg" active=0 type=main.playbackTickMsg
time=2026-05-09T14:25:40.263+02:00 level=DEBUG msg=playerState.onTick pos=2.2s dur=9.324s path=/home/patrick/tp7/Music/2026-05-05_134322_000.mp3
time=2026-05-09T14:25:40.364+02:00 level=DEBUG msg="rootModel: routing playback msg" active=0 type=main.playbackTickMsg
time=2026-05-09T14:25:40.364+02:00 level=DEBUG msg=playerState.onTick pos=2.2s dur=9.324s path=/home/patrick/tp7/Music/2026-05-05_134322_000.mp3
time=2026-05-09T14:25:40.464+02:00 level=DEBUG msg="rootModel: routing playback msg" active=0 type=main.playbackTickMsg
time=2026-05-09T14:25:40.465+02:00 level=DEBUG msg=playerState.onTick pos=2.2s dur=9.324s path=/home/patrick/tp7/Music/2026-05-05_134322_000.mp3
time=2026-05-09T14:25:40.565+02:00 level=DEBUG msg="rootModel: routing playback msg" active=0 type=main.playbackTickMsg
time=2026-05-09T14:25:40.565+02:00 level=DEBUG msg=playerState.onTick pos=2.2s dur=9.324s path=/home/patrick/tp7/Music/2026-05-05_134322_000.mp3
time=2026-05-09T14:25:40.666+02:00 level=DEBUG msg="rootModel: routing playback msg" active=0 type=main.playbackTickMsg
time=2026-05-09T14:25:40.666+02:00 level=DEBUG msg=playerState.onTick pos=2.2s dur=9.324s path=/home/patrick/tp7/Music/2026-05-05_134322_000.mp3
time=2026-05-09T14:25:40.767+02:00 level=DEBUG msg="rootModel: routing playback msg" active=0 type=main.playbackTickMsg
time=2026-05-09T14:25:40.767+02:00 level=DEBUG msg=playerState.onTick pos=2.2s dur=9.324s path=/home/patrick/tp7/Music/2026-05-05_134322_000.mp3
time=2026-05-09T14:25:40.868+02:00 level=DEBUG msg="rootModel: routing playback msg" active=0 type=main.playbackTickMsg
time=2026-05-09T14:25:40.868+02:00 level=DEBUG msg=playerState.onTick pos=2.2s dur=9.324s path=/home/patrick/tp7/Music/2026-05-05_134322_000.mp3
time=2026-05-09T14:25:40.968+02:00 level=DEBUG msg="rootModel: routing playback msg" active=0 type=main.playbackTickMsg
time=2026-05-09T14:25:40.968+02:00 level=DEBUG msg=playerState.onTick pos=2.2s dur=9.324s path=/home/patrick/tp7/Music/2026-05-05_134322_000.mp3
time=2026-05-09T14:25:41.069+02:00 level=DEBUG msg="rootModel: routing playback msg" active=0 type=main.playbackTickMsg
time=2026-05-09T14:25:41.069+02:00 level=DEBUG msg=playerState.onTick pos=2.2s dur=9.324s path=/home/patrick/tp7/Music/2026-05-05_134322_000.mp3
time=2026-05-09T14:25:41.170+02:00 level=DEBUG msg="rootModel: routing playback msg" active=0 type=main.playbackTickMsg
time=2026-05-09T14:25:41.170+02:00 level=DEBUG msg=playerState.onTick pos=2.2s dur=9.324s path=/home/patrick/tp7/Music/2026-05-05_134322_000.mp3
time=2026-05-09T14:25:41.271+02:00 level=DEBUG msg="rootModel: routing playback msg" active=0 type=main.playbackTickMsg
time=2026-05-09T14:25:41.271+02:00 level=DEBUG msg=playerState.onTick pos=2.2s dur=9.324s path=/home/patrick/tp7/Music/2026-05-05_134322_000.mp3
time=2026-05-09T14:25:41.366+02:00 level=DEBUG msg="importer: searching for device" err="USB device 2367:0019 not found in sysfs"
time=2026-05-09T14:25:41.371+02:00 level=DEBUG msg="rootModel: routing playback msg" active=0 type=main.playbackTickMsg
time=2026-05-09T14:25:41.371+02:00 level=DEBUG msg=playerState.onTick pos=2.2s dur=9.324s path=/home/patrick/tp7/Music/2026-05-05_134322_000.mp3
time=2026-05-09T14:25:41.472+02:00 level=DEBUG msg="rootModel: routing playback msg" active=0 type=main.playbackTickMsg
time=2026-05-09T14:25:41.472+02:00 level=DEBUG msg=playerState.onTick pos=2.2s dur=9.324s path=/home/patrick/tp7/Music/2026-05-05_134322_000.mp3
time=2026-05-09T14:25:41.573+02:00 level=DEBUG msg="rootModel: routing playback msg" active=0 type=main.playbackTickMsg
time=2026-05-09T14:25:41.573+02:00 level=DEBUG msg=playerState.onTick pos=2.2s dur=9.324s path=/home/patrick/tp7/Music/2026-05-05_134322_000.mp3
time=2026-05-09T14:25:41.674+02:00 level=DEBUG msg="rootModel: routing playback msg" active=0 type=main.playbackTickMsg
time=2026-05-09T14:25:41.674+02:00 level=DEBUG msg=playerState.onTick pos=2.2s dur=9.324s path=/home/patrick/tp7/Music/2026-05-05_134322_000.mp3
time=2026-05-09T14:25:41.774+02:00 level=DEBUG msg="rootModel: routing playback msg" active=0 type=main.playbackTickMsg
time=2026-05-09T14:25:41.774+02:00 level=DEBUG msg=playerState.onTick pos=2.2s dur=9.324s path=/home/patrick/tp7/Music/2026-05-05_134322_000.mp3
time=2026-05-09T14:25:41.874+02:00 level=DEBUG msg="rootModel: routing playback msg" active=0 type=main.playbackTickMsg
time=2026-05-09T14:25:41.874+02:00 level=DEBUG msg=playerState.onTick pos=2.2s dur=9.324s path=/home/patrick/tp7/Music/2026-05-05_134322_000.mp3
time=2026-05-09T14:25:41.975+02:00 level=DEBUG msg="rootModel: routing playback msg" active=0 type=main.playbackTickMsg
time=2026-05-09T14:25:41.975+02:00 level=DEBUG msg=playerState.onTick pos=2.2s dur=9.324s path=/home/patrick/tp7/Music/2026-05-05_134322_000.mp3
time=2026-05-09T14:25:42.076+02:00 level=DEBUG msg="rootModel: routing playback msg" active=0 type=main.playbackTickMsg
time=2026-05-09T14:25:42.076+02:00 level=DEBUG msg=playerState.onTick pos=2.2s dur=9.324s path=/home/patrick/tp7/Music/2026-05-05_134322_000.mp3
time=2026-05-09T14:25:42.177+02:00 level=DEBUG msg="rootModel: routing playback msg" active=0 type=main.playbackTickMsg
time=2026-05-09T14:25:42.177+02:00 level=DEBUG msg=playerState.onTick pos=2.2s dur=9.324s path=/home/patrick/tp7/Music/2026-05-05_134322_000.mp3
time=2026-05-09T14:25:42.277+02:00 level=DEBUG msg="rootModel: routing playback msg" active=0 type=main.playbackTickMsg
time=2026-05-09T14:25:42.278+02:00 level=DEBUG msg=playerState.onTick pos=2.2s dur=9.324s path=/home/patrick/tp7/Music/2026-05-05_134322_000.mp3
time=2026-05-09T14:25:42.378+02:00 level=DEBUG msg="rootModel: routing playback msg" active=0 type=main.playbackTickMsg
time=2026-05-09T14:25:42.378+02:00 level=DEBUG msg=playerState.onTick pos=2.2s dur=9.324s path=/home/patrick/tp7/Music/2026-05-05_134322_000.mp3
time=2026-05-09T14:25:42.479+02:00 level=DEBUG msg="rootModel: routing playback msg" active=0 type=main.playbackTickMsg
time=2026-05-09T14:25:42.479+02:00 level=DEBUG msg=playerState.onTick pos=2.2s dur=9.324s path=/home/patrick/tp7/Music/2026-05-05_134322_000.mp3
time=2026-05-09T14:25:42.580+02:00 level=DEBUG msg="rootModel: routing playback msg" active=0 type=main.playbackTickMsg
time=2026-05-09T14:25:42.580+02:00 level=DEBUG msg=playerState.onTick pos=2.2s dur=9.324s path=/home/patrick/tp7/Music/2026-05-05_134322_000.mp3
time=2026-05-09T14:25:42.681+02:00 level=DEBUG msg="rootModel: routing playback msg" active=0 type=main.playbackTickMsg
time=2026-05-09T14:25:42.681+02:00 level=DEBUG msg=playerState.onTick pos=2.2s dur=9.324s path=/home/patrick/tp7/Music/2026-05-05_134322_000.mp3
time=2026-05-09T14:25:42.781+02:00 level=DEBUG msg="rootModel: routing playback msg" active=0 type=main.playbackTickMsg
time=2026-05-09T14:25:42.781+02:00 level=DEBUG msg=playerState.onTick pos=2.2s dur=9.324s path=/home/patrick/tp7/Music/2026-05-05_134322_000.mp3
time=2026-05-09T14:25:42.881+02:00 level=DEBUG msg="rootModel: routing playback msg" active=0 type=main.playbackTickMsg
time=2026-05-09T14:25:42.881+02:00 level=DEBUG msg=playerState.onTick pos=2.2s dur=9.324s path=/home/patrick/tp7/Music/2026-05-05_134322_000.mp3
time=2026-05-09T14:25:42.982+02:00 level=DEBUG msg="rootModel: routing playback msg" active=0 type=main.playbackTickMsg
time=2026-05-09T14:25:42.982+02:00 level=DEBUG msg=playerState.onTick pos=2.2s dur=9.324s path=/home/patrick/tp7/Music/2026-05-05_134322_000.mp3
time=2026-05-09T14:25:43.082+02:00 level=DEBUG msg="rootModel: routing playback msg" active=0 type=main.playbackTickMsg
time=2026-05-09T14:25:43.082+02:00 level=DEBUG msg=playerState.onTick pos=2.2s dur=9.324s path=/home/patrick/tp7/Music/2026-05-05_134322_000.mp3
time=2026-05-09T14:25:43.183+02:00 level=DEBUG msg="rootModel: routing playback msg" active=0 type=main.playbackTickMsg
time=2026-05-09T14:25:43.183+02:00 level=DEBUG msg=playerState.onTick pos=2.2s dur=9.324s path=/home/patrick/tp7/Music/2026-05-05_134322_000.mp3
time=2026-05-09T14:25:43.283+02:00 level=DEBUG msg="rootModel: routing playback msg" active=0 type=main.playbackTickMsg
time=2026-05-09T14:25:43.283+02:00 level=DEBUG msg=playerState.onTick pos=2.2s dur=9.324s path=/home/patrick/tp7/Music/2026-05-05_134322_000.mp3
time=2026-05-09T14:25:43.384+02:00 level=DEBUG msg="rootModel: routing playback msg" active=0 type=main.playbackTickMsg
time=2026-05-09T14:25:43.384+02:00 level=DEBUG msg=playerState.onTick pos=2.2s dur=9.324s path=/home/patrick/tp7/Music/2026-05-05_134322_000.mp3
time=2026-05-09T14:25:43.485+02:00 level=DEBUG msg="rootModel: routing playback msg" active=0 type=main.playbackTickMsg
time=2026-05-09T14:25:43.486+02:00 level=DEBUG msg=playerState.onTick pos=2.2s dur=9.324s path=/home/patrick/tp7/Music/2026-05-05_134322_000.mp3
time=2026-05-09T14:25:43.586+02:00 level=DEBUG msg="rootModel: routing playback msg" active=0 type=main.playbackTickMsg
time=2026-05-09T14:25:43.587+02:00 level=DEBUG msg=playerState.onTick pos=2.2s dur=9.324s path=/home/patrick/tp7/Music/2026-05-05_134322_000.mp3
time=2026-05-09T14:25:43.687+02:00 level=DEBUG msg="rootModel: routing playback msg" active=0 type=main.playbackTickMsg
time=2026-05-09T14:25:43.687+02:00 level=DEBUG msg=playerState.onTick pos=2.2s dur=9.324s path=/home/patrick/tp7/Music/2026-05-05_134322_000.mp3
time=2026-05-09T14:25:43.788+02:00 level=DEBUG msg="rootModel: routing playback msg" active=0 type=main.playbackTickMsg
time=2026-05-09T14:25:43.788+02:00 level=DEBUG msg=playerState.onTick pos=2.2s dur=9.324s path=/home/patrick/tp7/Music/2026-05-05_134322_000.mp3
time=2026-05-09T14:25:43.889+02:00 level=DEBUG msg="rootModel: routing playback msg" active=0 type=main.playbackTickMsg
time=2026-05-09T14:25:43.889+02:00 level=DEBUG msg=playerState.onTick pos=2.2s dur=9.324s path=/home/patrick/tp7/Music/2026-05-05_134322_000.mp3
time=2026-05-09T14:25:43.990+02:00 level=DEBUG msg="rootModel: routing playback msg" active=0 type=main.playbackTickMsg
time=2026-05-09T14:25:43.990+02:00 level=DEBUG msg=playerState.onTick pos=2.2s dur=9.324s path=/home/patrick/tp7/Music/2026-05-05_134322_000.mp3
time=2026-05-09T14:25:44.091+02:00 level=DEBUG msg="rootModel: routing playback msg" active=0 type=main.playbackTickMsg
time=2026-05-09T14:25:44.091+02:00 level=DEBUG msg=playerState.onTick pos=2.2s dur=9.324s path=/home/patrick/tp7/Music/2026-05-05_134322_000.mp3
time=2026-05-09T14:25:44.192+02:00 level=DEBUG msg="rootModel: routing playback msg" active=0 type=main.playbackTickMsg
time=2026-05-09T14:25:44.192+02:00 level=DEBUG msg=playerState.onTick pos=2.2s dur=9.324s path=/home/patrick/tp7/Music/2026-05-05_134322_000.mp3
time=2026-05-09T14:25:44.293+02:00 level=DEBUG msg="rootModel: routing playback msg" active=0 type=main.playbackTickMsg
time=2026-05-09T14:25:44.293+02:00 level=DEBUG msg=playerState.onTick pos=2.2s dur=9.324s path=/home/patrick/tp7/Music/2026-05-05_134322_000.mp3
time=2026-05-09T14:25:44.394+02:00 level=DEBUG msg="rootModel: routing playback msg" active=0 type=main.playbackTickMsg
time=2026-05-09T14:25:44.394+02:00 level=DEBUG msg=playerState.onTick pos=2.2s dur=9.324s path=/home/patrick/tp7/Music/2026-05-05_134322_000.mp3
time=2026-05-09T14:25:44.495+02:00 level=DEBUG msg="rootModel: routing playback msg" active=0 type=main.playbackTickMsg
time=2026-05-09T14:25:44.495+02:00 level=DEBUG msg=playerState.onTick pos=2.2s dur=9.324s path=/home/patrick/tp7/Music/2026-05-05_134322_000.mp3
time=2026-05-09T14:25:44.595+02:00 level=DEBUG msg="rootModel: routing playback msg" active=0 type=main.playbackTickMsg
time=2026-05-09T14:25:44.595+02:00 level=DEBUG msg=playerState.onTick pos=2.2s dur=9.324s path=/home/patrick/tp7/Music/2026-05-05_134322_000.mp3
time=2026-05-09T14:25:44.696+02:00 level=DEBUG msg="rootModel: routing playback msg" active=0 type=main.playbackTickMsg
time=2026-05-09T14:25:44.696+02:00 level=DEBUG msg=playerState.onTick pos=2.2s dur=9.324s path=/home/patrick/tp7/Music/2026-05-05_134322_000.mp3
time=2026-05-09T14:25:44.797+02:00 level=DEBUG msg="rootModel: routing playback msg" active=0 type=main.playbackTickMsg
time=2026-05-09T14:25:44.797+02:00 level=DEBUG msg=playerState.onTick pos=2.2s dur=9.324s path=/home/patrick/tp7/Music/2026-05-05_134322_000.mp3
time=2026-05-09T14:25:44.897+02:00 level=DEBUG msg="rootModel: routing playback msg" active=0 type=main.playbackTickMsg
time=2026-05-09T14:25:44.897+02:00 level=DEBUG msg=playerState.onTick pos=2.2s dur=9.324s path=/home/patrick/tp7/Music/2026-05-05_134322_000.mp3
time=2026-05-09T14:25:44.997+02:00 level=DEBUG msg="rootModel: routing playback msg" active=0 type=main.playbackTickMsg
time=2026-05-09T14:25:44.997+02:00 level=DEBUG msg=playerState.onTick pos=2.2s dur=9.324s path=/home/patrick/tp7/Music/2026-05-05_134322_000.mp3
time=2026-05-09T14:25:45.098+02:00 level=DEBUG msg="rootModel: routing playback msg" active=0 type=main.playbackTickMsg
time=2026-05-09T14:25:45.098+02:00 level=DEBUG msg=playerState.onTick pos=2.2s dur=9.324s path=/home/patrick/tp7/Music/2026-05-05_134322_000.mp3
time=2026-05-09T14:25:45.198+02:00 level=DEBUG msg="rootModel: routing playback msg" active=0 type=main.playbackTickMsg
time=2026-05-09T14:25:45.199+02:00 level=DEBUG msg=playerState.onTick pos=2.2s dur=9.324s path=/home/patrick/tp7/Music/2026-05-05_134322_000.mp3
time=2026-05-09T14:25:45.299+02:00 level=DEBUG msg="rootModel: routing playback msg" active=0 type=main.playbackTickMsg
time=2026-05-09T14:25:45.299+02:00 level=DEBUG msg=playerState.onTick pos=2.2s dur=9.324s path=/home/patrick/tp7/Music/2026-05-05_134322_000.mp3
time=2026-05-09T14:25:45.400+02:00 level=DEBUG msg="rootModel: routing playback msg" active=0 type=main.playbackTickMsg
time=2026-05-09T14:25:45.400+02:00 level=DEBUG msg=playerState.onTick pos=2.2s dur=9.324s path=/home/patrick/tp7/Music/2026-05-05_134322_000.mp3
time=2026-05-09T14:25:45.501+02:00 level=DEBUG msg="rootModel: routing playback msg" active=0 type=main.playbackTickMsg
time=2026-05-09T14:25:45.501+02:00 level=DEBUG msg=playerState.onTick pos=2.2s dur=9.324s path=/home/patrick/tp7/Music/2026-05-05_134322_000.mp3
time=2026-05-09T14:25:45.602+02:00 level=DEBUG msg="rootModel: routing playback msg" active=0 type=main.playbackTickMsg
time=2026-05-09T14:25:45.602+02:00 level=DEBUG msg=playerState.onTick pos=2.2s dur=9.324s path=/home/patrick/tp7/Music/2026-05-05_134322_000.mp3
time=2026-05-09T14:25:45.703+02:00 level=DEBUG msg="rootModel: routing playback msg" active=0 type=main.playbackTickMsg
time=2026-05-09T14:25:45.703+02:00 level=DEBUG msg=playerState.onTick pos=2.2s dur=9.324s path=/home/patrick/tp7/Music/2026-05-05_134322_000.mp3
time=2026-05-09T14:25:45.804+02:00 level=DEBUG msg="rootModel: routing playback msg" active=0 type=main.playbackTickMsg
time=2026-05-09T14:25:45.804+02:00 level=DEBUG msg=playerState.onTick pos=2.2s dur=9.324s path=/home/patrick/tp7/Music/2026-05-05_134322_000.mp3
time=2026-05-09T14:25:45.905+02:00 level=DEBUG msg="rootModel: routing playback msg" active=0 type=main.playbackTickMsg
time=2026-05-09T14:25:45.905+02:00 level=DEBUG msg=playerState.onTick pos=2.2s dur=9.324s path=/home/patrick/tp7/Music/2026-05-05_134322_000.mp3
time=2026-05-09T14:25:46.006+02:00 level=DEBUG msg="rootModel: routing playback msg" active=0 type=main.playbackTickMsg
time=2026-05-09T14:25:46.006+02:00 level=DEBUG msg=playerState.onTick pos=2.2s dur=9.324s path=/home/patrick/tp7/Music/2026-05-05_134322_000.mp3
time=2026-05-09T14:25:46.107+02:00 level=DEBUG msg="rootModel: routing playback msg" active=0 type=main.playbackTickMsg
time=2026-05-09T14:25:46.107+02:00 level=DEBUG msg=playerState.onTick pos=2.2s dur=9.324s path=/home/patrick/tp7/Music/2026-05-05_134322_000.mp3
time=2026-05-09T14:25:46.208+02:00 level=DEBUG msg="rootModel: routing playback msg" active=0 type=main.playbackTickMsg
time=2026-05-09T14:25:46.208+02:00 level=DEBUG msg=playerState.onTick pos=2.2s dur=9.324s path=/home/patrick/tp7/Music/2026-05-05_134322_000.mp3
time=2026-05-09T14:25:46.309+02:00 level=DEBUG msg="rootModel: routing playback msg" active=0 type=main.playbackTickMsg
time=2026-05-09T14:25:46.309+02:00 level=DEBUG msg=playerState.onTick pos=2.2s dur=9.324s path=/home/patrick/tp7/Music/2026-05-05_134322_000.mp3
time=2026-05-09T14:25:46.367+02:00 level=DEBUG msg="importer: searching for device" err="USB device 2367:0019 not found in sysfs"
time=2026-05-09T14:25:46.410+02:00 level=DEBUG msg="rootModel: routing playback msg" active=0 type=main.playbackTickMsg
time=2026-05-09T14:25:46.410+02:00 level=DEBUG msg=playerState.onTick pos=2.2s dur=9.324s path=/home/patrick/tp7/Music/2026-05-05_134322_000.mp3
time=2026-05-09T14:25:46.511+02:00 level=DEBUG msg="rootModel: routing playback msg" active=0 type=main.playbackTickMsg
time=2026-05-09T14:25:46.511+02:00 level=DEBUG msg=playerState.onTick pos=2.2s dur=9.324s path=/home/patrick/tp7/Music/2026-05-05_134322_000.mp3
time=2026-05-09T14:25:46.611+02:00 level=DEBUG msg="rootModel: routing playback msg" active=0 type=main.playbackTickMsg
time=2026-05-09T14:25:46.611+02:00 level=DEBUG msg=playerState.onTick pos=2.2s dur=9.324s path=/home/patrick/tp7/Music/2026-05-05_134322_000.mp3
time=2026-05-09T14:25:46.711+02:00 level=DEBUG msg="rootModel: routing playback msg" active=0 type=main.playbackTickMsg
time=2026-05-09T14:25:46.712+02:00 level=DEBUG msg=playerState.onTick pos=2.2s dur=9.324s path=/home/patrick/tp7/Music/2026-05-05_134322_000.mp3
time=2026-05-09T14:25:46.812+02:00 level=DEBUG msg="rootModel: routing playback msg" active=0 type=main.playbackTickMsg
time=2026-05-09T14:25:46.812+02:00 level=DEBUG msg=playerState.onTick pos=2.2s dur=9.324s path=/home/patrick/tp7/Music/2026-05-05_134322_000.mp3
time=2026-05-09T14:25:46.913+02:00 level=DEBUG msg="rootModel: routing playback msg" active=0 type=main.playbackTickMsg
time=2026-05-09T14:25:46.913+02:00 level=DEBUG msg=playerState.onTick pos=2.2s dur=9.324s path=/home/patrick/tp7/Music/2026-05-05_134322_000.mp3
time=2026-05-09T14:25:47.014+02:00 level=DEBUG msg="rootModel: routing playback msg" active=0 type=main.playbackTickMsg
time=2026-05-09T14:25:47.014+02:00 level=DEBUG msg=playerState.onTick pos=2.2s dur=9.324s path=/home/patrick/tp7/Music/2026-05-05_134322_000.mp3
time=2026-05-09T14:25:47.115+02:00 level=DEBUG msg="rootModel: routing playback msg" active=0 type=main.playbackTickMsg
time=2026-05-09T14:25:47.115+02:00 level=DEBUG msg=playerState.onTick pos=2.2s dur=9.324s path=/home/patrick/tp7/Music/2026-05-05_134322_000.mp3
time=2026-05-09T14:25:47.215+02:00 level=DEBUG msg="rootModel: routing playback msg" active=0 type=main.playbackTickMsg
time=2026-05-09T14:25:47.216+02:00 level=DEBUG msg=playerState.onTick pos=2.2s dur=9.324s path=/home/patrick/tp7/Music/2026-05-05_134322_000.mp3
time=2026-05-09T14:25:47.316+02:00 level=DEBUG msg="rootModel: routing playback msg" active=0 type=main.playbackTickMsg
time=2026-05-09T14:25:47.316+02:00 level=DEBUG msg=playerState.onTick pos=2.2s dur=9.324s path=/home/patrick/tp7/Music/2026-05-05_134322_000.mp3
time=2026-05-09T14:25:47.416+02:00 level=DEBUG msg="rootModel: routing playback msg" active=0 type=main.playbackTickMsg
time=2026-05-09T14:25:47.416+02:00 level=DEBUG msg=playerState.onTick pos=2.2s dur=9.324s path=/home/patrick/tp7/Music/2026-05-05_134322_000.mp3
time=2026-05-09T14:25:47.517+02:00 level=DEBUG msg="rootModel: routing playback msg" active=0 type=main.playbackTickMsg
time=2026-05-09T14:25:47.517+02:00 level=DEBUG msg=playerState.onTick pos=2.2s dur=9.324s path=/home/patrick/tp7/Music/2026-05-05_134322_000.mp3
time=2026-05-09T14:25:47.618+02:00 level=DEBUG msg="rootModel: routing playback msg" active=0 type=main.playbackTickMsg
time=2026-05-09T14:25:47.618+02:00 level=DEBUG msg=playerState.onTick pos=2.2s dur=9.324s path=/home/patrick/tp7/Music/2026-05-05_134322_000.mp3
time=2026-05-09T14:25:47.718+02:00 level=DEBUG msg="rootModel: routing playback msg" active=0 type=main.playbackTickMsg
time=2026-05-09T14:25:47.718+02:00 level=DEBUG msg=playerState.onTick pos=2.2s dur=9.324s path=/home/patrick/tp7/Music/2026-05-05_134322_000.mp3
time=2026-05-09T14:25:47.819+02:00 level=DEBUG msg="rootModel: routing playback msg" active=0 type=main.playbackTickMsg
time=2026-05-09T14:25:47.819+02:00 level=DEBUG msg=playerState.onTick pos=2.2s dur=9.324s path=/home/patrick/tp7/Music/2026-05-05_134322_000.mp3
time=2026-05-09T14:25:47.920+02:00 level=DEBUG msg="rootModel: routing playback msg" active=0 type=main.playbackTickMsg
time=2026-05-09T14:25:47.920+02:00 level=DEBUG msg=playerState.onTick pos=2.2s dur=9.324s path=/home/patrick/tp7/Music/2026-05-05_134322_000.mp3
time=2026-05-09T14:25:48.022+02:00 level=DEBUG msg="rootModel: routing playback msg" active=0 type=main.playbackTickMsg
time=2026-05-09T14:25:48.022+02:00 level=DEBUG msg=playerState.onTick pos=2.2s dur=9.324s path=/home/patrick/tp7/Music/2026-05-05_134322_000.mp3
time=2026-05-09T14:25:48.122+02:00 level=DEBUG msg="rootModel: routing playback msg" active=0 type=main.playbackTickMsg
time=2026-05-09T14:25:48.122+02:00 level=DEBUG msg=playerState.onTick pos=2.2s dur=9.324s path=/home/patrick/tp7/Music/2026-05-05_134322_000.mp3
time=2026-05-09T14:25:48.224+02:00 level=DEBUG msg="rootModel: routing playback msg" active=0 type=main.playbackTickMsg
time=2026-05-09T14:25:48.224+02:00 level=DEBUG msg=playerState.onTick pos=2.2s dur=9.324s path=/home/patrick/tp7/Music/2026-05-05_134322_000.mp3
time=2026-05-09T14:25:48.325+02:00 level=DEBUG msg="rootModel: routing playback msg" active=0 type=main.playbackTickMsg
time=2026-05-09T14:25:48.325+02:00 level=DEBUG msg=playerState.onTick pos=2.2s dur=9.324s path=/home/patrick/tp7/Music/2026-05-05_134322_000.mp3
time=2026-05-09T14:25:48.426+02:00 level=DEBUG msg="rootModel: routing playback msg" active=0 type=main.playbackTickMsg
time=2026-05-09T14:25:48.426+02:00 level=DEBUG msg=playerState.onTick pos=2.2s dur=9.324s path=/home/patrick/tp7/Music/2026-05-05_134322_000.mp3
time=2026-05-09T14:25:48.527+02:00 level=DEBUG msg="rootModel: routing playback msg" active=0 type=main.playbackTickMsg
time=2026-05-09T14:25:48.527+02:00 level=DEBUG msg=playerState.onTick pos=2.2s dur=9.324s path=/home/patrick/tp7/Music/2026-05-05_134322_000.mp3
time=2026-05-09T14:25:48.627+02:00 level=DEBUG msg="rootModel: routing playback msg" active=0 type=main.playbackTickMsg
time=2026-05-09T14:25:48.628+02:00 level=DEBUG msg=playerState.onTick pos=2.2s dur=9.324s path=/home/patrick/tp7/Music/2026-05-05_134322_000.mp3
time=2026-05-09T14:25:48.729+02:00 level=DEBUG msg="rootModel: routing playback msg" active=0 type=main.playbackTickMsg
time=2026-05-09T14:25:48.729+02:00 level=DEBUG msg=playerState.onTick pos=2.2s dur=9.324s path=/home/patrick/tp7/Music/2026-05-05_134322_000.mp3
time=2026-05-09T14:25:48.829+02:00 level=DEBUG msg="rootModel: routing playback msg" active=0 type=main.playbackTickMsg
time=2026-05-09T14:25:48.829+02:00 level=DEBUG msg=playerState.onTick pos=2.2s dur=9.324s path=/home/patrick/tp7/Music/2026-05-05_134322_000.mp3
time=2026-05-09T14:25:48.930+02:00 level=DEBUG msg="rootModel: routing playback msg" active=0 type=main.playbackTickMsg
time=2026-05-09T14:25:48.930+02:00 level=DEBUG msg=playerState.onTick pos=2.2s dur=9.324s path=/home/patrick/tp7/Music/2026-05-05_134322_000.mp3
time=2026-05-09T14:25:49.031+02:00 level=DEBUG msg="rootModel: routing playback msg" active=0 type=main.playbackTickMsg
time=2026-05-09T14:25:49.031+02:00 level=DEBUG msg=playerState.onTick pos=2.2s dur=9.324s path=/home/patrick/tp7/Music/2026-05-05_134322_000.mp3
time=2026-05-09T14:25:49.132+02:00 level=DEBUG msg="rootModel: routing playback msg" active=0 type=main.playbackTickMsg
time=2026-05-09T14:25:49.132+02:00 level=DEBUG msg=playerState.onTick pos=2.2s dur=9.324s path=/home/patrick/tp7/Music/2026-05-05_134322_000.mp3
time=2026-05-09T14:25:49.233+02:00 level=DEBUG msg="rootModel: routing playback msg" active=0 type=main.playbackTickMsg
time=2026-05-09T14:25:49.233+02:00 level=DEBUG msg=playerState.onTick pos=2.2s dur=9.324s path=/home/patrick/tp7/Music/2026-05-05_134322_000.mp3
time=2026-05-09T14:25:49.333+02:00 level=DEBUG msg="rootModel: routing playback msg" active=0 type=main.playbackTickMsg
time=2026-05-09T14:25:49.333+02:00 level=DEBUG msg=playerState.onTick pos=2.2s dur=9.324s path=/home/patrick/tp7/Music/2026-05-05_134322_000.mp3
time=2026-05-09T14:25:49.434+02:00 level=DEBUG msg="rootModel: routing playback msg" active=0 type=main.playbackTickMsg
time=2026-05-09T14:25:49.434+02:00 level=DEBUG msg=playerState.onTick pos=2.2s dur=9.324s path=/home/patrick/tp7/Music/2026-05-05_134322_000.mp3
time=2026-05-09T14:25:49.534+02:00 level=DEBUG msg="rootModel: routing playback msg" active=0 type=main.playbackTickMsg
time=2026-05-09T14:25:49.535+02:00 level=DEBUG msg=playerState.onTick pos=2.2s dur=9.324s path=/home/patrick/tp7/Music/2026-05-05_134322_000.mp3
time=2026-05-09T14:25:49.635+02:00 level=DEBUG msg="rootModel: routing playback msg" active=0 type=main.playbackTickMsg
time=2026-05-09T14:25:49.635+02:00 level=DEBUG msg=playerState.onTick pos=2.2s dur=9.324s path=/home/patrick/tp7/Music/2026-05-05_134322_000.mp3
time=2026-05-09T14:25:49.736+02:00 level=DEBUG msg="rootModel: routing playback msg" active=0 type=main.playbackTickMsg
time=2026-05-09T14:25:49.736+02:00 level=DEBUG msg=playerState.onTick pos=2.2s dur=9.324s path=/home/patrick/tp7/Music/2026-05-05_134322_000.mp3
time=2026-05-09T14:25:49.837+02:00 level=DEBUG msg="rootModel: routing playback msg" active=0 type=main.playbackTickMsg
time=2026-05-09T14:25:49.837+02:00 level=DEBUG msg=playerState.onTick pos=2.2s dur=9.324s path=/home/patrick/tp7/Music/2026-05-05_134322_000.mp3
time=2026-05-09T14:25:49.937+02:00 level=DEBUG msg="rootModel: routing playback msg" active=0 type=main.playbackTickMsg
time=2026-05-09T14:25:49.937+02:00 level=DEBUG msg=playerState.onTick pos=2.2s dur=9.324s path=/home/patrick/tp7/Music/2026-05-05_134322_000.mp3
time=2026-05-09T14:25:50.038+02:00 level=DEBUG msg="rootModel: routing playback msg" active=0 type=main.playbackTickMsg
time=2026-05-09T14:25:50.038+02:00 level=DEBUG msg=playerState.onTick pos=2.2s dur=9.324s path=/home/patrick/tp7/Music/2026-05-05_134322_000.mp3
time=2026-05-09T14:25:50.138+02:00 level=DEBUG msg="rootModel: routing playback msg" active=0 type=main.playbackTickMsg
time=2026-05-09T14:25:50.138+02:00 level=DEBUG msg=playerState.onTick pos=2.2s dur=9.324s path=/home/patrick/tp7/Music/2026-05-05_134322_000.mp3
time=2026-05-09T14:25:50.239+02:00 level=DEBUG msg="rootModel: routing playback msg" active=0 type=main.playbackTickMsg
time=2026-05-09T14:25:50.239+02:00 level=DEBUG msg=playerState.onTick pos=2.2s dur=9.324s path=/home/patrick/tp7/Music/2026-05-05_134322_000.mp3
time=2026-05-09T14:25:50.340+02:00 level=DEBUG msg="rootModel: routing playback msg" active=0 type=main.playbackTickMsg
time=2026-05-09T14:25:50.340+02:00 level=DEBUG msg=playerState.onTick pos=2.2s dur=9.324s path=/home/patrick/tp7/Music/2026-05-05_134322_000.mp3
time=2026-05-09T14:25:50.441+02:00 level=DEBUG msg="rootModel: routing playback msg" active=0 type=main.playbackTickMsg
time=2026-05-09T14:25:50.441+02:00 level=DEBUG msg=playerState.onTick pos=2.2s dur=9.324s path=/home/patrick/tp7/Music/2026-05-05_134322_000.mp3
time=2026-05-09T14:25:50.541+02:00 level=DEBUG msg="rootModel: routing playback msg" active=0 type=main.playbackTickMsg
time=2026-05-09T14:25:50.542+02:00 level=DEBUG msg=playerState.onTick pos=2.2s dur=9.324s path=/home/patrick/tp7/Music/2026-05-05_134322_000.mp3
time=2026-05-09T14:25:50.642+02:00 level=DEBUG msg="rootModel: routing playback msg" active=0 type=main.playbackTickMsg
time=2026-05-09T14:25:50.643+02:00 level=DEBUG msg=playerState.onTick pos=2.2s dur=9.324s path=/home/patrick/tp7/Music/2026-05-05_134322_000.mp3
time=2026-05-09T14:25:50.743+02:00 level=DEBUG msg="rootModel: routing playback msg" active=0 type=main.playbackTickMsg
time=2026-05-09T14:25:50.743+02:00 level=DEBUG msg=playerState.onTick pos=2.2s dur=9.324s path=/home/patrick/tp7/Music/2026-05-05_134322_000.mp3
time=2026-05-09T14:25:50.844+02:00 level=DEBUG msg="rootModel: routing playback msg" active=0 type=main.playbackTickMsg
time=2026-05-09T14:25:50.844+02:00 level=DEBUG msg=playerState.onTick pos=2.2s dur=9.324s path=/home/patrick/tp7/Music/2026-05-05_134322_000.mp3
time=2026-05-09T14:25:50.945+02:00 level=DEBUG msg="rootModel: routing playback msg" active=0 type=main.playbackTickMsg
time=2026-05-09T14:25:50.945+02:00 level=DEBUG msg=playerState.onTick pos=2.2s dur=9.324s path=/home/patrick/tp7/Music/2026-05-05_134322_000.mp3
time=2026-05-09T14:25:51.046+02:00 level=DEBUG msg="rootModel: routing playback msg" active=0 type=main.playbackTickMsg
time=2026-05-09T14:25:51.046+02:00 level=DEBUG msg=playerState.onTick pos=2.2s dur=9.324s path=/home/patrick/tp7/Music/2026-05-05_134322_000.mp3
time=2026-05-09T14:25:51.147+02:00 level=DEBUG msg="rootModel: routing playback msg" active=0 type=main.playbackTickMsg
time=2026-05-09T14:25:51.147+02:00 level=DEBUG msg=playerState.onTick pos=2.2s dur=9.324s path=/home/patrick/tp7/Music/2026-05-05_134322_000.mp3
time=2026-05-09T14:25:51.247+02:00 level=DEBUG msg="rootModel: routing playback msg" active=0 type=main.playbackTickMsg
time=2026-05-09T14:25:51.248+02:00 level=DEBUG msg=playerState.onTick pos=2.2s dur=9.324s path=/home/patrick/tp7/Music/2026-05-05_134322_000.mp3
time=2026-05-09T14:25:51.348+02:00 level=DEBUG msg="rootModel: routing playback msg" active=0 type=main.playbackTickMsg
time=2026-05-09T14:25:51.348+02:00 level=DEBUG msg=playerState.onTick pos=2.2s dur=9.324s path=/home/patrick/tp7/Music/2026-05-05_134322_000.mp3
time=2026-05-09T14:25:51.367+02:00 level=DEBUG msg="importer: searching for device" err="USB device 2367:0019 not found in sysfs"
time=2026-05-09T14:25:51.449+02:00 level=DEBUG msg="rootModel: routing playback msg" active=0 type=main.playbackTickMsg
time=2026-05-09T14:25:51.449+02:00 level=DEBUG msg=playerState.onTick pos=2.2s dur=9.324s path=/home/patrick/tp7/Music/2026-05-05_134322_000.mp3
time=2026-05-09T14:25:51.549+02:00 level=DEBUG msg="rootModel: routing playback msg" active=0 type=main.playbackTickMsg
time=2026-05-09T14:25:51.549+02:00 level=DEBUG msg=playerState.onTick pos=2.2s dur=9.324s path=/home/patrick/tp7/Music/2026-05-05_134322_000.mp3
time=2026-05-09T14:25:51.649+02:00 level=DEBUG msg="rootModel: routing playback msg" active=0 type=main.playbackTickMsg
time=2026-05-09T14:25:51.650+02:00 level=DEBUG msg=playerState.onTick pos=2.2s dur=9.324s path=/home/patrick/tp7/Music/2026-05-05_134322_000.mp3
time=2026-05-09T14:25:51.750+02:00 level=DEBUG msg="rootModel: routing playback msg" active=0 type=main.playbackTickMsg
time=2026-05-09T14:25:51.750+02:00 level=DEBUG msg=playerState.onTick pos=2.2s dur=9.324s path=/home/patrick/tp7/Music/2026-05-05_134322_000.mp3
time=2026-05-09T14:25:51.851+02:00 level=DEBUG msg="rootModel: routing playback msg" active=0 type=main.playbackTickMsg
time=2026-05-09T14:25:51.851+02:00 level=DEBUG msg=playerState.onTick pos=2.2s dur=9.324s path=/home/patrick/tp7/Music/2026-05-05_134322_000.mp3
time=2026-05-09T14:25:51.952+02:00 level=DEBUG msg="rootModel: routing playback msg" active=0 type=main.playbackTickMsg
time=2026-05-09T14:25:51.952+02:00 level=DEBUG msg=playerState.onTick pos=2.2s dur=9.324s path=/home/patrick/tp7/Music/2026-05-05_134322_000.mp3
time=2026-05-09T14:25:52.052+02:00 level=DEBUG msg="rootModel: routing playback msg" active=0 type=main.playbackTickMsg
time=2026-05-09T14:25:52.052+02:00 level=DEBUG msg=playerState.onTick pos=2.2s dur=9.324s path=/home/patrick/tp7/Music/2026-05-05_134322_000.mp3
time=2026-05-09T14:25:52.154+02:00 level=DEBUG msg="rootModel: routing playback msg" active=0 type=main.playbackTickMsg
time=2026-05-09T14:25:52.154+02:00 level=DEBUG msg=playerState.onTick pos=2.2s dur=9.324s path=/home/patrick/tp7/Music/2026-05-05_134322_000.mp3
time=2026-05-09T14:25:52.255+02:00 level=DEBUG msg="rootModel: routing playback msg" active=0 type=main.playbackTickMsg
time=2026-05-09T14:25:52.255+02:00 level=DEBUG msg=playerState.onTick pos=2.2s dur=9.324s path=/home/patrick/tp7/Music/2026-05-05_134322_000.mp3
time=2026-05-09T14:25:52.355+02:00 level=DEBUG msg="rootModel: routing playback msg" active=0 type=main.playbackTickMsg
time=2026-05-09T14:25:52.355+02:00 level=DEBUG msg=playerState.onTick pos=2.2s dur=9.324s path=/home/patrick/tp7/Music/2026-05-05_134322_000.mp3
time=2026-05-09T14:25:52.456+02:00 level=DEBUG msg="rootModel: routing playback msg" active=0 type=main.playbackTickMsg
time=2026-05-09T14:25:52.456+02:00 level=DEBUG msg=playerState.onTick pos=2.2s dur=9.324s path=/home/patrick/tp7/Music/2026-05-05_134322_000.mp3
time=2026-05-09T14:25:52.557+02:00 level=DEBUG msg="rootModel: routing playback msg" active=0 type=main.playbackTickMsg
time=2026-05-09T14:25:52.557+02:00 level=DEBUG msg=playerState.onTick pos=2.2s dur=9.324s path=/home/patrick/tp7/Music/2026-05-05_134322_000.mp3
time=2026-05-09T14:25:52.658+02:00 level=DEBUG msg="rootModel: routing playback msg" active=0 type=main.playbackTickMsg
time=2026-05-09T14:25:52.658+02:00 level=DEBUG msg=playerState.onTick pos=2.2s dur=9.324s path=/home/patrick/tp7/Music/2026-05-05_134322_000.mp3
time=2026-05-09T14:25:52.759+02:00 level=DEBUG msg="rootModel: routing playback msg" active=0 type=main.playbackTickMsg
time=2026-05-09T14:25:52.759+02:00 level=DEBUG msg=playerState.onTick pos=2.2s dur=9.324s path=/home/patrick/tp7/Music/2026-05-05_134322_000.mp3
time=2026-05-09T14:25:52.859+02:00 level=DEBUG msg="rootModel: routing playback msg" active=0 type=main.playbackTickMsg
time=2026-05-09T14:25:52.859+02:00 level=DEBUG msg=playerState.onTick pos=2.2s dur=9.324s path=/home/patrick/tp7/Music/2026-05-05_134322_000.mp3
time=2026-05-09T14:25:52.961+02:00 level=DEBUG msg="rootModel: routing playback msg" active=0 type=main.playbackTickMsg
time=2026-05-09T14:25:52.961+02:00 level=DEBUG msg=playerState.onTick pos=2.2s dur=9.324s path=/home/patrick/tp7/Music/2026-05-05_134322_000.mp3
time=2026-05-09T14:25:53.062+02:00 level=DEBUG msg="rootModel: routing playback msg" active=0 type=main.playbackTickMsg
time=2026-05-09T14:25:53.062+02:00 level=DEBUG msg=playerState.onTick pos=2.2s dur=9.324s path=/home/patrick/tp7/Music/2026-05-05_134322_000.mp3
time=2026-05-09T14:25:53.163+02:00 level=DEBUG msg="rootModel: routing playback msg" active=0 type=main.playbackTickMsg
time=2026-05-09T14:25:53.163+02:00 level=DEBUG msg=playerState.onTick pos=2.2s dur=9.324s path=/home/patrick/tp7/Music/2026-05-05_134322_000.mp3
time=2026-05-09T14:25:53.264+02:00 level=DEBUG msg="rootModel: routing playback msg" active=0 type=main.playbackTickMsg
time=2026-05-09T14:25:53.264+02:00 level=DEBUG msg=playerState.onTick pos=2.2s dur=9.324s path=/home/patrick/tp7/Music/2026-05-05_134322_000.mp3
time=2026-05-09T14:25:53.365+02:00 level=DEBUG msg="rootModel: routing playback msg" active=0 type=main.playbackTickMsg
time=2026-05-09T14:25:53.365+02:00 level=DEBUG msg=playerState.onTick pos=2.2s dur=9.324s path=/home/patrick/tp7/Music/2026-05-05_134322_000.mp3
time=2026-05-09T14:25:53.466+02:00 level=DEBUG msg="rootModel: routing playback msg" active=0 type=main.playbackTickMsg
time=2026-05-09T14:25:53.466+02:00 level=DEBUG msg=playerState.onTick pos=2.2s dur=9.324s path=/home/patrick/tp7/Music/2026-05-05_134322_000.mp3
time=2026-05-09T14:25:53.566+02:00 level=DEBUG msg="rootModel: routing playback msg" active=0 type=main.playbackTickMsg
time=2026-05-09T14:25:53.566+02:00 level=DEBUG msg=playerState.onTick pos=2.2s dur=9.324s path=/home/patrick/tp7/Music/2026-05-05_134322_000.mp3
time=2026-05-09T14:25:53.667+02:00 level=DEBUG msg="rootModel: routing playback msg" active=0 type=main.playbackTickMsg
time=2026-05-09T14:25:53.667+02:00 level=DEBUG msg=playerState.onTick pos=2.2s dur=9.324s path=/home/patrick/tp7/Music/2026-05-05_134322_000.mp3
time=2026-05-09T14:25:53.768+02:00 level=DEBUG msg="rootModel: routing playback msg" active=0 type=main.playbackTickMsg
time=2026-05-09T14:25:53.768+02:00 level=DEBUG msg=playerState.onTick pos=2.2s dur=9.324s path=/home/patrick/tp7/Music/2026-05-05_134322_000.mp3
time=2026-05-09T14:25:53.869+02:00 level=DEBUG msg="rootModel: routing playback msg" active=0 type=main.playbackTickMsg
time=2026-05-09T14:25:53.869+02:00 level=DEBUG msg=playerState.onTick pos=2.2s dur=9.324s path=/home/patrick/tp7/Music/2026-05-05_134322_000.mp3
time=2026-05-09T14:25:53.970+02:00 level=DEBUG msg="rootModel: routing playback msg" active=0 type=main.playbackTickMsg
time=2026-05-09T14:25:53.970+02:00 level=DEBUG msg=playerState.onTick pos=2.2s dur=9.324s path=/home/patrick/tp7/Music/2026-05-05_134322_000.mp3
time=2026-05-09T14:25:54.070+02:00 level=DEBUG msg="rootModel: routing playback msg" active=0 type=main.playbackTickMsg
time=2026-05-09T14:25:54.071+02:00 level=DEBUG msg=playerState.onTick pos=2.2s dur=9.324s path=/home/patrick/tp7/Music/2026-05-05_134322_000.mp3
time=2026-05-09T14:25:54.171+02:00 level=DEBUG msg="rootModel: routing playback msg" active=0 type=main.playbackTickMsg
time=2026-05-09T14:25:54.172+02:00 level=DEBUG msg=playerState.onTick pos=2.2s dur=9.324s path=/home/patrick/tp7/Music/2026-05-05_134322_000.mp3
time=2026-05-09T14:25:54.273+02:00 level=DEBUG msg="rootModel: routing playback msg" active=0 type=main.playbackTickMsg
time=2026-05-09T14:25:54.273+02:00 level=DEBUG msg=playerState.onTick pos=2.2s dur=9.324s path=/home/patrick/tp7/Music/2026-05-05_134322_000.mp3
time=2026-05-09T14:25:54.374+02:00 level=DEBUG msg="rootModel: routing playback msg" active=0 type=main.playbackTickMsg
time=2026-05-09T14:25:54.374+02:00 level=DEBUG msg=playerState.onTick pos=2.2s dur=9.324s path=/home/patrick/tp7/Music/2026-05-05_134322_000.mp3
time=2026-05-09T14:25:54.475+02:00 level=DEBUG msg="rootModel: routing playback msg" active=0 type=main.playbackTickMsg
time=2026-05-09T14:25:54.475+02:00 level=DEBUG msg=playerState.onTick pos=2.2s dur=9.324s path=/home/patrick/tp7/Music/2026-05-05_134322_000.mp3
time=2026-05-09T14:25:54.576+02:00 level=DEBUG msg="rootModel: routing playback msg" active=0 type=main.playbackTickMsg
time=2026-05-09T14:25:54.577+02:00 level=DEBUG msg=playerState.onTick pos=2.2s dur=9.324s path=/home/patrick/tp7/Music/2026-05-05_134322_000.mp3
time=2026-05-09T14:25:54.677+02:00 level=DEBUG msg="rootModel: routing playback msg" active=0 type=main.playbackTickMsg
time=2026-05-09T14:25:54.677+02:00 level=DEBUG msg=playerState.onTick pos=2.2s dur=9.324s path=/home/patrick/tp7/Music/2026-05-05_134322_000.mp3
time=2026-05-09T14:25:54.778+02:00 level=DEBUG msg="rootModel: routing playback msg" active=0 type=main.playbackTickMsg
time=2026-05-09T14:25:54.778+02:00 level=DEBUG msg=playerState.onTick pos=2.2s dur=9.324s path=/home/patrick/tp7/Music/2026-05-05_134322_000.mp3
time=2026-05-09T14:25:54.879+02:00 level=DEBUG msg="rootModel: routing playback msg" active=0 type=main.playbackTickMsg
time=2026-05-09T14:25:54.879+02:00 level=DEBUG msg=playerState.onTick pos=2.2s dur=9.324s path=/home/patrick/tp7/Music/2026-05-05_134322_000.mp3
time=2026-05-09T14:25:54.980+02:00 level=DEBUG msg="rootModel: routing playback msg" active=0 type=main.playbackTickMsg
time=2026-05-09T14:25:54.980+02:00 level=DEBUG msg=playerState.onTick pos=2.2s dur=9.324s path=/home/patrick/tp7/Music/2026-05-05_134322_000.mp3
time=2026-05-09T14:25:55.080+02:00 level=DEBUG msg="rootModel: routing playback msg" active=0 type=main.playbackTickMsg
time=2026-05-09T14:25:55.080+02:00 level=DEBUG msg=playerState.onTick pos=2.2s dur=9.324s path=/home/patrick/tp7/Music/2026-05-05_134322_000.mp3
time=2026-05-09T14:25:55.181+02:00 level=DEBUG msg="rootModel: routing playback msg" active=0 type=main.playbackTickMsg
time=2026-05-09T14:25:55.181+02:00 level=DEBUG msg=playerState.onTick pos=2.2s dur=9.324s path=/home/patrick/tp7/Music/2026-05-05_134322_000.mp3
time=2026-05-09T14:25:55.282+02:00 level=DEBUG msg="rootModel: routing playback msg" active=0 type=main.playbackTickMsg
time=2026-05-09T14:25:55.282+02:00 level=DEBUG msg=playerState.onTick pos=2.2s dur=9.324s path=/home/patrick/tp7/Music/2026-05-05_134322_000.mp3
time=2026-05-09T14:25:55.383+02:00 level=DEBUG msg="rootModel: routing playback msg" active=0 type=main.playbackTickMsg
time=2026-05-09T14:25:55.383+02:00 level=DEBUG msg=playerState.onTick pos=2.2s dur=9.324s path=/home/patrick/tp7/Music/2026-05-05_134322_000.mp3
time=2026-05-09T14:25:55.484+02:00 level=DEBUG msg="rootModel: routing playback msg" active=0 type=main.playbackTickMsg
time=2026-05-09T14:25:55.484+02:00 level=DEBUG msg=playerState.onTick pos=2.2s dur=9.324s path=/home/patrick/tp7/Music/2026-05-05_134322_000.mp3
time=2026-05-09T14:25:55.585+02:00 level=DEBUG msg="rootModel: routing playback msg" active=0 type=main.playbackTickMsg
time=2026-05-09T14:25:55.585+02:00 level=DEBUG msg=playerState.onTick pos=2.2s dur=9.324s path=/home/patrick/tp7/Music/2026-05-05_134322_000.mp3
time=2026-05-09T14:25:55.686+02:00 level=DEBUG msg="rootModel: routing playback msg" active=0 type=main.playbackTickMsg
time=2026-05-09T14:25:55.686+02:00 level=DEBUG msg=playerState.onTick pos=2.2s dur=9.324s path=/home/patrick/tp7/Music/2026-05-05_134322_000.mp3
time=2026-05-09T14:25:55.787+02:00 level=DEBUG msg="rootModel: routing playback msg" active=0 type=main.playbackTickMsg
time=2026-05-09T14:25:55.788+02:00 level=DEBUG msg=playerState.onTick pos=2.2s dur=9.324s path=/home/patrick/tp7/Music/2026-05-05_134322_000.mp3
time=2026-05-09T14:25:55.888+02:00 level=DEBUG msg="rootModel: routing playback msg" active=0 type=main.playbackTickMsg
time=2026-05-09T14:25:55.889+02:00 level=DEBUG msg=playerState.onTick pos=2.2s dur=9.324s path=/home/patrick/tp7/Music/2026-05-05_134322_000.mp3
time=2026-05-09T14:25:55.990+02:00 level=DEBUG msg="rootModel: routing playback msg" active=0 type=main.playbackTickMsg
time=2026-05-09T14:25:55.990+02:00 level=DEBUG msg=playerState.onTick pos=2.2s dur=9.324s path=/home/patrick/tp7/Music/2026-05-05_134322_000.mp3
time=2026-05-09T14:25:56.090+02:00 level=DEBUG msg="rootModel: routing playback msg" active=0 type=main.playbackTickMsg
time=2026-05-09T14:25:56.091+02:00 level=DEBUG msg=playerState.onTick pos=2.2s dur=9.324s path=/home/patrick/tp7/Music/2026-05-05_134322_000.mp3
time=2026-05-09T14:25:56.191+02:00 level=DEBUG msg="rootModel: routing playback msg" active=0 type=main.playbackTickMsg
time=2026-05-09T14:25:56.191+02:00 level=DEBUG msg=playerState.onTick pos=2.2s dur=9.324s path=/home/patrick/tp7/Music/2026-05-05_134322_000.mp3
time=2026-05-09T14:25:56.292+02:00 level=DEBUG msg="rootModel: routing playback msg" active=0 type=main.playbackTickMsg
time=2026-05-09T14:25:56.292+02:00 level=DEBUG msg=playerState.onTick pos=2.2s dur=9.324s path=/home/patrick/tp7/Music/2026-05-05_134322_000.mp3
time=2026-05-09T14:25:56.366+02:00 level=DEBUG msg="importer: searching for device" err="USB device 2367:0019 not found in sysfs"
time=2026-05-09T14:25:56.393+02:00 level=DEBUG msg="rootModel: routing playback msg" active=0 type=main.playbackTickMsg
time=2026-05-09T14:25:56.393+02:00 level=DEBUG msg=playerState.onTick pos=2.2s dur=9.324s path=/home/patrick/tp7/Music/2026-05-05_134322_000.mp3
time=2026-05-09T14:25:56.494+02:00 level=DEBUG msg="rootModel: routing playback msg" active=0 type=main.playbackTickMsg
time=2026-05-09T14:25:56.494+02:00 level=DEBUG msg=playerState.onTick pos=2.2s dur=9.324s path=/home/patrick/tp7/Music/2026-05-05_134322_000.mp3
time=2026-05-09T14:25:56.594+02:00 level=DEBUG msg="rootModel: routing playback msg" active=0 type=main.playbackTickMsg
time=2026-05-09T14:25:56.594+02:00 level=DEBUG msg=playerState.onTick pos=2.2s dur=9.324s path=/home/patrick/tp7/Music/2026-05-05_134322_000.mp3
time=2026-05-09T14:25:56.695+02:00 level=DEBUG msg="rootModel: routing playback msg" active=0 type=main.playbackTickMsg
time=2026-05-09T14:25:56.695+02:00 level=DEBUG msg=playerState.onTick pos=2.2s dur=9.324s path=/home/patrick/tp7/Music/2026-05-05_134322_000.mp3
time=2026-05-09T14:25:56.796+02:00 level=DEBUG msg="rootModel: routing playback msg" active=0 type=main.playbackTickMsg
time=2026-05-09T14:25:56.796+02:00 level=DEBUG msg=playerState.onTick pos=2.2s dur=9.324s path=/home/patrick/tp7/Music/2026-05-05_134322_000.mp3
time=2026-05-09T14:25:56.896+02:00 level=DEBUG msg="rootModel: routing playback msg" active=0 type=main.playbackTickMsg
time=2026-05-09T14:25:56.897+02:00 level=DEBUG msg=playerState.onTick pos=2.2s dur=9.324s path=/home/patrick/tp7/Music/2026-05-05_134322_000.mp3
time=2026-05-09T14:25:56.998+02:00 level=DEBUG msg="rootModel: routing playback msg" active=0 type=main.playbackTickMsg
time=2026-05-09T14:25:56.998+02:00 level=DEBUG msg=playerState.onTick pos=2.2s dur=9.324s path=/home/patrick/tp7/Music/2026-05-05_134322_000.mp3
time=2026-05-09T14:25:57.098+02:00 level=DEBUG msg="rootModel: routing playback msg" active=0 type=main.playbackTickMsg
time=2026-05-09T14:25:57.099+02:00 level=DEBUG msg=playerState.onTick pos=2.2s dur=9.324s path=/home/patrick/tp7/Music/2026-05-05_134322_000.mp3
time=2026-05-09T14:25:57.200+02:00 level=DEBUG msg="rootModel: routing playback msg" active=0 type=main.playbackTickMsg
time=2026-05-09T14:25:57.200+02:00 level=DEBUG msg=playerState.onTick pos=2.2s dur=9.324s path=/home/patrick/tp7/Music/2026-05-05_134322_000.mp3
time=2026-05-09T14:25:57.301+02:00 level=DEBUG msg="rootModel: routing playback msg" active=0 type=main.playbackTickMsg
time=2026-05-09T14:25:57.301+02:00 level=DEBUG msg=playerState.onTick pos=2.2s dur=9.324s path=/home/patrick/tp7/Music/2026-05-05_134322_000.mp3
time=2026-05-09T14:25:57.402+02:00 level=DEBUG msg="rootModel: routing playback msg" active=0 type=main.playbackTickMsg
time=2026-05-09T14:25:57.402+02:00 level=DEBUG msg=playerState.onTick pos=2.2s dur=9.324s path=/home/patrick/tp7/Music/2026-05-05_134322_000.mp3
time=2026-05-09T14:25:57.503+02:00 level=DEBUG msg="rootModel: routing playback msg" active=0 type=main.playbackTickMsg
time=2026-05-09T14:25:57.503+02:00 level=DEBUG msg=playerState.onTick pos=2.2s dur=9.324s path=/home/patrick/tp7/Music/2026-05-05_134322_000.mp3
time=2026-05-09T14:25:57.604+02:00 level=DEBUG msg="rootModel: routing playback msg" active=0 type=main.playbackTickMsg
time=2026-05-09T14:25:57.604+02:00 level=DEBUG msg=playerState.onTick pos=2.2s dur=9.324s path=/home/patrick/tp7/Music/2026-05-05_134322_000.mp3
time=2026-05-09T14:25:57.704+02:00 level=DEBUG msg="rootModel: routing playback msg" active=0 type=main.playbackTickMsg
time=2026-05-09T14:25:57.705+02:00 level=DEBUG msg=playerState.onTick pos=2.2s dur=9.324s path=/home/patrick/tp7/Music/2026-05-05_134322_000.mp3
time=2026-05-09T14:25:57.805+02:00 level=DEBUG msg="rootModel: routing playback msg" active=0 type=main.playbackTickMsg
time=2026-05-09T14:25:57.805+02:00 level=DEBUG msg=playerState.onTick pos=2.2s dur=9.324s path=/home/patrick/tp7/Music/2026-05-05_134322_000.mp3
time=2026-05-09T14:25:57.906+02:00 level=DEBUG msg="rootModel: routing playback msg" active=0 type=main.playbackTickMsg
time=2026-05-09T14:25:57.906+02:00 level=DEBUG msg=playerState.onTick pos=2.2s dur=9.324s path=/home/patrick/tp7/Music/2026-05-05_134322_000.mp3
time=2026-05-09T14:25:58.007+02:00 level=DEBUG msg="rootModel: routing playback msg" active=0 type=main.playbackTickMsg
time=2026-05-09T14:25:58.007+02:00 level=DEBUG msg=playerState.onTick pos=2.2s dur=9.324s path=/home/patrick/tp7/Music/2026-05-05_134322_000.mp3
time=2026-05-09T14:25:58.108+02:00 level=DEBUG msg="rootModel: routing playback msg" active=0 type=main.playbackTickMsg
time=2026-05-09T14:25:58.108+02:00 level=DEBUG msg=playerState.onTick pos=2.2s dur=9.324s path=/home/patrick/tp7/Music/2026-05-05_134322_000.mp3
time=2026-05-09T14:25:58.209+02:00 level=DEBUG msg="rootModel: routing playback msg" active=0 type=main.playbackTickMsg
time=2026-05-09T14:25:58.209+02:00 level=DEBUG msg=playerState.onTick pos=2.2s dur=9.324s path=/home/patrick/tp7/Music/2026-05-05_134322_000.mp3
time=2026-05-09T14:25:58.309+02:00 level=DEBUG msg="rootModel: routing playback msg" active=0 type=main.playbackTickMsg
time=2026-05-09T14:25:58.309+02:00 level=DEBUG msg=playerState.onTick pos=2.2s dur=9.324s path=/home/patrick/tp7/Music/2026-05-05_134322_000.mp3
time=2026-05-09T14:25:58.410+02:00 level=DEBUG msg="rootModel: routing playback msg" active=0 type=main.playbackTickMsg
time=2026-05-09T14:25:58.410+02:00 level=DEBUG msg=playerState.onTick pos=2.2s dur=9.324s path=/home/patrick/tp7/Music/2026-05-05_134322_000.mp3
time=2026-05-09T14:25:58.510+02:00 level=DEBUG msg="rootModel: routing playback msg" active=0 type=main.playbackTickMsg
time=2026-05-09T14:25:58.511+02:00 level=DEBUG msg=playerState.onTick pos=2.2s dur=9.324s path=/home/patrick/tp7/Music/2026-05-05_134322_000.mp3
time=2026-05-09T14:25:58.612+02:00 level=DEBUG msg="rootModel: routing playback msg" active=0 type=main.playbackTickMsg
time=2026-05-09T14:25:58.612+02:00 level=DEBUG msg=playerState.onTick pos=2.2s dur=9.324s path=/home/patrick/tp7/Music/2026-05-05_134322_000.mp3
time=2026-05-09T14:25:58.713+02:00 level=DEBUG msg="rootModel: routing playback msg" active=0 type=main.playbackTickMsg
time=2026-05-09T14:25:58.713+02:00 level=DEBUG msg=playerState.onTick pos=2.2s dur=9.324s path=/home/patrick/tp7/Music/2026-05-05_134322_000.mp3
time=2026-05-09T14:25:58.813+02:00 level=DEBUG msg="rootModel: routing playback msg" active=0 type=main.playbackTickMsg
time=2026-05-09T14:25:58.813+02:00 level=DEBUG msg=playerState.onTick pos=2.2s dur=9.324s path=/home/patrick/tp7/Music/2026-05-05_134322_000.mp3
time=2026-05-09T14:25:58.914+02:00 level=DEBUG msg="rootModel: routing playback msg" active=0 type=main.playbackTickMsg
time=2026-05-09T14:25:58.914+02:00 level=DEBUG msg=playerState.onTick pos=2.2s dur=9.324s path=/home/patrick/tp7/Music/2026-05-05_134322_000.mp3
time=2026-05-09T14:25:59.015+02:00 level=DEBUG msg="rootModel: routing playback msg" active=0 type=main.playbackTickMsg
time=2026-05-09T14:25:59.015+02:00 level=DEBUG msg=playerState.onTick pos=2.2s dur=9.324s path=/home/patrick/tp7/Music/2026-05-05_134322_000.mp3
time=2026-05-09T14:25:59.116+02:00 level=DEBUG msg="rootModel: routing playback msg" active=0 type=main.playbackTickMsg
time=2026-05-09T14:25:59.116+02:00 level=DEBUG msg=playerState.onTick pos=2.2s dur=9.324s path=/home/patrick/tp7/Music/2026-05-05_134322_000.mp3
time=2026-05-09T14:25:59.217+02:00 level=DEBUG msg="rootModel: routing playback msg" active=0 type=main.playbackTickMsg
time=2026-05-09T14:25:59.217+02:00 level=DEBUG msg=playerState.onTick pos=2.2s dur=9.324s path=/home/patrick/tp7/Music/2026-05-05_134322_000.mp3
time=2026-05-09T14:25:59.318+02:00 level=DEBUG msg="rootModel: routing playback msg" active=0 type=main.playbackTickMsg
time=2026-05-09T14:25:59.318+02:00 level=DEBUG msg=playerState.onTick pos=2.2s dur=9.324s path=/home/patrick/tp7/Music/2026-05-05_134322_000.mp3
time=2026-05-09T14:25:59.419+02:00 level=DEBUG msg="rootModel: routing playback msg" active=0 type=main.playbackTickMsg
time=2026-05-09T14:25:59.419+02:00 level=DEBUG msg=playerState.onTick pos=2.2s dur=9.324s path=/home/patrick/tp7/Music/2026-05-05_134322_000.mp3
time=2026-05-09T14:25:59.520+02:00 level=DEBUG msg="rootModel: routing playback msg" active=0 type=main.playbackTickMsg
time=2026-05-09T14:25:59.520+02:00 level=DEBUG msg=playerState.onTick pos=2.2s dur=9.324s path=/home/patrick/tp7/Music/2026-05-05_134322_000.mp3
time=2026-05-09T14:25:59.620+02:00 level=DEBUG msg="rootModel: routing playback msg" active=0 type=main.playbackTickMsg
time=2026-05-09T14:25:59.620+02:00 level=DEBUG msg=playerState.onTick pos=2.2s dur=9.324s path=/home/patrick/tp7/Music/2026-05-05_134322_000.mp3
time=2026-05-09T14:25:59.722+02:00 level=DEBUG msg="rootModel: routing playback msg" active=0 type=main.playbackTickMsg
time=2026-05-09T14:25:59.722+02:00 level=DEBUG msg=playerState.onTick pos=2.2s dur=9.324s path=/home/patrick/tp7/Music/2026-05-05_134322_000.mp3
time=2026-05-09T14:25:59.822+02:00 level=DEBUG msg="rootModel: routing playback msg" active=0 type=main.playbackTickMsg
time=2026-05-09T14:25:59.822+02:00 level=DEBUG msg=playerState.onTick pos=2.2s dur=9.324s path=/home/patrick/tp7/Music/2026-05-05_134322_000.mp3
time=2026-05-09T14:25:59.923+02:00 level=DEBUG msg="rootModel: routing playback msg" active=0 type=main.playbackTickMsg
time=2026-05-09T14:25:59.923+02:00 level=DEBUG msg=playerState.onTick pos=2.2s dur=9.324s path=/home/patrick/tp7/Music/2026-05-05_134322_000.mp3
time=2026-05-09T14:26:00.024+02:00 level=DEBUG msg="rootModel: routing playback msg" active=0 type=main.playbackTickMsg
time=2026-05-09T14:26:00.024+02:00 level=DEBUG msg=playerState.onTick pos=2.2s dur=9.324s path=/home/patrick/tp7/Music/2026-05-05_134322_000.mp3
time=2026-05-09T14:26:00.124+02:00 level=DEBUG msg="rootModel: routing playback msg" active=0 type=main.playbackTickMsg
time=2026-05-09T14:26:00.124+02:00 level=DEBUG msg=playerState.onTick pos=2.2s dur=9.324s path=/home/patrick/tp7/Music/2026-05-05_134322_000.mp3
time=2026-05-09T14:26:00.225+02:00 level=DEBUG msg="rootModel: routing playback msg" active=0 type=main.playbackTickMsg
time=2026-05-09T14:26:00.225+02:00 level=DEBUG msg=playerState.onTick pos=2.2s dur=9.324s path=/home/patrick/tp7/Music/2026-05-05_134322_000.mp3
time=2026-05-09T14:26:00.326+02:00 level=DEBUG msg="rootModel: routing playback msg" active=0 type=main.playbackTickMsg
time=2026-05-09T14:26:00.327+02:00 level=DEBUG msg=playerState.onTick pos=2.2s dur=9.324s path=/home/patrick/tp7/Music/2026-05-05_134322_000.mp3
time=2026-05-09T14:26:00.428+02:00 level=DEBUG msg="rootModel: routing playback msg" active=0 type=main.playbackTickMsg
time=2026-05-09T14:26:00.428+02:00 level=DEBUG msg=playerState.onTick pos=2.2s dur=9.324s path=/home/patrick/tp7/Music/2026-05-05_134322_000.mp3
time=2026-05-09T14:26:00.529+02:00 level=DEBUG msg="rootModel: routing playback msg" active=0 type=main.playbackTickMsg
time=2026-05-09T14:26:00.529+02:00 level=DEBUG msg=playerState.onTick pos=2.2s dur=9.324s path=/home/patrick/tp7/Music/2026-05-05_134322_000.mp3
time=2026-05-09T14:26:00.630+02:00 level=DEBUG msg="rootModel: routing playback msg" active=0 type=main.playbackTickMsg
time=2026-05-09T14:26:00.630+02:00 level=DEBUG msg=playerState.onTick pos=2.2s dur=9.324s path=/home/patrick/tp7/Music/2026-05-05_134322_000.mp3
time=2026-05-09T14:26:00.731+02:00 level=DEBUG msg="rootModel: routing playback msg" active=0 type=main.playbackTickMsg
time=2026-05-09T14:26:00.731+02:00 level=DEBUG msg=playerState.onTick pos=2.2s dur=9.324s path=/home/patrick/tp7/Music/2026-05-05_134322_000.mp3
time=2026-05-09T14:26:00.832+02:00 level=DEBUG msg="rootModel: routing playback msg" active=0 type=main.playbackTickMsg
time=2026-05-09T14:26:00.832+02:00 level=DEBUG msg=playerState.onTick pos=2.2s dur=9.324s path=/home/patrick/tp7/Music/2026-05-05_134322_000.mp3
time=2026-05-09T14:26:00.932+02:00 level=DEBUG msg="rootModel: routing playback msg" active=0 type=main.playbackTickMsg
time=2026-05-09T14:26:00.932+02:00 level=DEBUG msg=playerState.onTick pos=2.2s dur=9.324s path=/home/patrick/tp7/Music/2026-05-05_134322_000.mp3
time=2026-05-09T14:26:01.033+02:00 level=DEBUG msg="rootModel: routing playback msg" active=0 type=main.playbackTickMsg
time=2026-05-09T14:26:01.033+02:00 level=DEBUG msg=playerState.onTick pos=2.2s dur=9.324s path=/home/patrick/tp7/Music/2026-05-05_134322_000.mp3
time=2026-05-09T14:26:01.133+02:00 level=DEBUG msg="rootModel: routing playback msg" active=0 type=main.playbackTickMsg
time=2026-05-09T14:26:01.133+02:00 level=DEBUG msg=playerState.onTick pos=2.2s dur=9.324s path=/home/patrick/tp7/Music/2026-05-05_134322_000.mp3
time=2026-05-09T14:26:01.234+02:00 level=DEBUG msg="rootModel: routing playback msg" active=0 type=main.playbackTickMsg
time=2026-05-09T14:26:01.234+02:00 level=DEBUG msg=playerState.onTick pos=2.2s dur=9.324s path=/home/patrick/tp7/Music/2026-05-05_134322_000.mp3
time=2026-05-09T14:26:01.335+02:00 level=DEBUG msg="rootModel: routing playback msg" active=0 type=main.playbackTickMsg
time=2026-05-09T14:26:01.335+02:00 level=DEBUG msg=playerState.onTick pos=2.2s dur=9.324s path=/home/patrick/tp7/Music/2026-05-05_134322_000.mp3
time=2026-05-09T14:26:01.366+02:00 level=DEBUG msg="importer: searching for device" err="USB device 2367:0019 not found in sysfs"
time=2026-05-09T14:26:01.436+02:00 level=DEBUG msg="rootModel: routing playback msg" active=0 type=main.playbackTickMsg
time=2026-05-09T14:26:01.436+02:00 level=DEBUG msg=playerState.onTick pos=2.2s dur=9.324s path=/home/patrick/tp7/Music/2026-05-05_134322_000.mp3
time=2026-05-09T14:26:01.537+02:00 level=DEBUG msg="rootModel: routing playback msg" active=0 type=main.playbackTickMsg
time=2026-05-09T14:26:01.537+02:00 level=DEBUG msg=playerState.onTick pos=2.2s dur=9.324s path=/home/patrick/tp7/Music/2026-05-05_134322_000.mp3
time=2026-05-09T14:26:01.638+02:00 level=DEBUG msg="rootModel: routing playback msg" active=0 type=main.playbackTickMsg
time=2026-05-09T14:26:01.638+02:00 level=DEBUG msg=playerState.onTick pos=2.2s dur=9.324s path=/home/patrick/tp7/Music/2026-05-05_134322_000.mp3
time=2026-05-09T14:26:01.739+02:00 level=DEBUG msg="rootModel: routing playback msg" active=0 type=main.playbackTickMsg
time=2026-05-09T14:26:01.739+02:00 level=DEBUG msg=playerState.onTick pos=2.2s dur=9.324s path=/home/patrick/tp7/Music/2026-05-05_134322_000.mp3
time=2026-05-09T14:26:01.839+02:00 level=DEBUG msg="rootModel: routing playback msg" active=0 type=main.playbackTickMsg
time=2026-05-09T14:26:01.839+02:00 level=DEBUG msg=playerState.onTick pos=2.2s dur=9.324s path=/home/patrick/tp7/Music/2026-05-05_134322_000.mp3
time=2026-05-09T14:26:01.940+02:00 level=DEBUG msg="rootModel: routing playback msg" active=0 type=main.playbackTickMsg
time=2026-05-09T14:26:01.940+02:00 level=DEBUG msg=playerState.onTick pos=2.2s dur=9.324s path=/home/patrick/tp7/Music/2026-05-05_134322_000.mp3
time=2026-05-09T14:26:02.041+02:00 level=DEBUG msg="rootModel: routing playback msg" active=0 type=main.playbackTickMsg
time=2026-05-09T14:26:02.041+02:00 level=DEBUG msg=playerState.onTick pos=2.2s dur=9.324s path=/home/patrick/tp7/Music/2026-05-05_134322_000.mp3
time=2026-05-09T14:26:02.142+02:00 level=DEBUG msg="rootModel: routing playback msg" active=0 type=main.playbackTickMsg
time=2026-05-09T14:26:02.142+02:00 level=DEBUG msg=playerState.onTick pos=2.2s dur=9.324s path=/home/patrick/tp7/Music/2026-05-05_134322_000.mp3
time=2026-05-09T14:26:02.243+02:00 level=DEBUG msg="rootModel: routing playback msg" active=0 type=main.playbackTickMsg
time=2026-05-09T14:26:02.243+02:00 level=DEBUG msg=playerState.onTick pos=2.2s dur=9.324s path=/home/patrick/tp7/Music/2026-05-05_134322_000.mp3
time=2026-05-09T14:26:02.344+02:00 level=DEBUG msg="rootModel: routing playback msg" active=0 type=main.playbackTickMsg
time=2026-05-09T14:26:02.345+02:00 level=DEBUG msg=playerState.onTick pos=2.2s dur=9.324s path=/home/patrick/tp7/Music/2026-05-05_134322_000.mp3
time=2026-05-09T14:26:02.445+02:00 level=DEBUG msg="rootModel: routing playback msg" active=0 type=main.playbackTickMsg
time=2026-05-09T14:26:02.445+02:00 level=DEBUG msg=playerState.onTick pos=2.2s dur=9.324s path=/home/patrick/tp7/Music/2026-05-05_134322_000.mp3
time=2026-05-09T14:26:02.546+02:00 level=DEBUG msg="rootModel: routing playback msg" active=0 type=main.playbackTickMsg
time=2026-05-09T14:26:02.546+02:00 level=DEBUG msg=playerState.onTick pos=2.2s dur=9.324s path=/home/patrick/tp7/Music/2026-05-05_134322_000.mp3
time=2026-05-09T14:26:02.646+02:00 level=DEBUG msg="rootModel: routing playback msg" active=0 type=main.playbackTickMsg
time=2026-05-09T14:26:02.647+02:00 level=DEBUG msg=playerState.onTick pos=2.2s dur=9.324s path=/home/patrick/tp7/Music/2026-05-05_134322_000.mp3
time=2026-05-09T14:26:02.747+02:00 level=DEBUG msg="rootModel: routing playback msg" active=0 type=main.playbackTickMsg
time=2026-05-09T14:26:02.747+02:00 level=DEBUG msg=playerState.onTick pos=2.2s dur=9.324s path=/home/patrick/tp7/Music/2026-05-05_134322_000.mp3
time=2026-05-09T14:26:02.848+02:00 level=DEBUG msg="rootModel: routing playback msg" active=0 type=main.playbackTickMsg
time=2026-05-09T14:26:02.848+02:00 level=DEBUG msg=playerState.onTick pos=2.2s dur=9.324s path=/home/patrick/tp7/Music/2026-05-05_134322_000.mp3
time=2026-05-09T14:26:02.948+02:00 level=DEBUG msg="rootModel: routing playback msg" active=0 type=main.playbackTickMsg
time=2026-05-09T14:26:02.948+02:00 level=DEBUG msg=playerState.onTick pos=2.2s dur=9.324s path=/home/patrick/tp7/Music/2026-05-05_134322_000.mp3
time=2026-05-09T14:26:03.049+02:00 level=DEBUG msg="rootModel: routing playback msg" active=0 type=main.playbackTickMsg
time=2026-05-09T14:26:03.049+02:00 level=DEBUG msg=playerState.onTick pos=2.2s dur=9.324s path=/home/patrick/tp7/Music/2026-05-05_134322_000.mp3
time=2026-05-09T14:26:03.150+02:00 level=DEBUG msg="rootModel: routing playback msg" active=0 type=main.playbackTickMsg
time=2026-05-09T14:26:03.150+02:00 level=DEBUG msg=playerState.onTick pos=2.2s dur=9.324s path=/home/patrick/tp7/Music/2026-05-05_134322_000.mp3
time=2026-05-09T14:26:03.250+02:00 level=DEBUG msg="rootModel: routing playback msg" active=0 type=main.playbackTickMsg
time=2026-05-09T14:26:03.250+02:00 level=DEBUG msg=playerState.onTick pos=2.2s dur=9.324s path=/home/patrick/tp7/Music/2026-05-05_134322_000.mp3
time=2026-05-09T14:26:03.351+02:00 level=DEBUG msg="rootModel: routing playback msg" active=0 type=main.playbackTickMsg
time=2026-05-09T14:26:03.351+02:00 level=DEBUG msg=playerState.onTick pos=2.2s dur=9.324s path=/home/patrick/tp7/Music/2026-05-05_134322_000.mp3
time=2026-05-09T14:26:03.452+02:00 level=DEBUG msg="rootModel: routing playback msg" active=0 type=main.playbackTickMsg
time=2026-05-09T14:26:03.452+02:00 level=DEBUG msg=playerState.onTick pos=2.2s dur=9.324s path=/home/patrick/tp7/Music/2026-05-05_134322_000.mp3
time=2026-05-09T14:26:03.553+02:00 level=DEBUG msg="rootModel: routing playback msg" active=0 type=main.playbackTickMsg
time=2026-05-09T14:26:03.553+02:00 level=DEBUG msg=playerState.onTick pos=2.2s dur=9.324s path=/home/patrick/tp7/Music/2026-05-05_134322_000.mp3
time=2026-05-09T14:26:03.654+02:00 level=DEBUG msg="rootModel: routing playback msg" active=0 type=main.playbackTickMsg
time=2026-05-09T14:26:03.654+02:00 level=DEBUG msg=playerState.onTick pos=2.2s dur=9.324s path=/home/patrick/tp7/Music/2026-05-05_134322_000.mp3
time=2026-05-09T14:26:03.755+02:00 level=DEBUG msg="rootModel: routing playback msg" active=0 type=main.playbackTickMsg
time=2026-05-09T14:26:03.755+02:00 level=DEBUG msg=playerState.onTick pos=2.2s dur=9.324s path=/home/patrick/tp7/Music/2026-05-05_134322_000.mp3
time=2026-05-09T14:26:03.856+02:00 level=DEBUG msg="rootModel: routing playback msg" active=0 type=main.playbackTickMsg
time=2026-05-09T14:26:03.856+02:00 level=DEBUG msg=playerState.onTick pos=2.2s dur=9.324s path=/home/patrick/tp7/Music/2026-05-05_134322_000.mp3
time=2026-05-09T14:26:03.957+02:00 level=DEBUG msg="rootModel: routing playback msg" active=0 type=main.playbackTickMsg
time=2026-05-09T14:26:03.957+02:00 level=DEBUG msg=playerState.onTick pos=2.2s dur=9.324s path=/home/patrick/tp7/Music/2026-05-05_134322_000.mp3
time=2026-05-09T14:26:04.057+02:00 level=DEBUG msg="rootModel: routing playback msg" active=0 type=main.playbackTickMsg
time=2026-05-09T14:26:04.057+02:00 level=DEBUG msg=playerState.onTick pos=2.2s dur=9.324s path=/home/patrick/tp7/Music/2026-05-05_134322_000.mp3
time=2026-05-09T14:26:04.158+02:00 level=DEBUG msg="rootModel: routing playback msg" active=0 type=main.playbackTickMsg
time=2026-05-09T14:26:04.158+02:00 level=DEBUG msg=playerState.onTick pos=2.2s dur=9.324s path=/home/patrick/tp7/Music/2026-05-05_134322_000.mp3
time=2026-05-09T14:26:04.259+02:00 level=DEBUG msg="rootModel: routing playback msg" active=0 type=main.playbackTickMsg
time=2026-05-09T14:26:04.259+02:00 level=DEBUG msg=playerState.onTick pos=2.2s dur=9.324s path=/home/patrick/tp7/Music/2026-05-05_134322_000.mp3
time=2026-05-09T14:26:04.359+02:00 level=DEBUG msg="rootModel: routing playback msg" active=0 type=main.playbackTickMsg
time=2026-05-09T14:26:04.360+02:00 level=DEBUG msg=playerState.onTick pos=2.2s dur=9.324s path=/home/patrick/tp7/Music/2026-05-05_134322_000.mp3
time=2026-05-09T14:26:04.460+02:00 level=DEBUG msg="rootModel: routing playback msg" active=0 type=main.playbackTickMsg
time=2026-05-09T14:26:04.460+02:00 level=DEBUG msg=playerState.onTick pos=2.2s dur=9.324s path=/home/patrick/tp7/Music/2026-05-05_134322_000.mp3
time=2026-05-09T14:26:04.561+02:00 level=DEBUG msg="rootModel: routing playback msg" active=0 type=main.playbackTickMsg
time=2026-05-09T14:26:04.561+02:00 level=DEBUG msg=playerState.onTick pos=2.2s dur=9.324s path=/home/patrick/tp7/Music/2026-05-05_134322_000.mp3
time=2026-05-09T14:26:04.662+02:00 level=DEBUG msg="rootModel: routing playback msg" active=0 type=main.playbackTickMsg
time=2026-05-09T14:26:04.662+02:00 level=DEBUG msg=playerState.onTick pos=2.2s dur=9.324s path=/home/patrick/tp7/Music/2026-05-05_134322_000.mp3
time=2026-05-09T14:26:04.763+02:00 level=DEBUG msg="rootModel: routing playback msg" active=0 type=main.playbackTickMsg
time=2026-05-09T14:26:04.763+02:00 level=DEBUG msg=playerState.onTick pos=2.2s dur=9.324s path=/home/patrick/tp7/Music/2026-05-05_134322_000.mp3
time=2026-05-09T14:26:04.864+02:00 level=DEBUG msg="rootModel: routing playback msg" active=0 type=main.playbackTickMsg
time=2026-05-09T14:26:04.865+02:00 level=DEBUG msg=playerState.onTick pos=2.2s dur=9.324s path=/home/patrick/tp7/Music/2026-05-05_134322_000.mp3
time=2026-05-09T14:26:04.965+02:00 level=DEBUG msg="rootModel: routing playback msg" active=0 type=main.playbackTickMsg
time=2026-05-09T14:26:04.965+02:00 level=DEBUG msg=playerState.onTick pos=2.2s dur=9.324s path=/home/patrick/tp7/Music/2026-05-05_134322_000.mp3
time=2026-05-09T14:26:05.066+02:00 level=DEBUG msg="rootModel: routing playback msg" active=0 type=main.playbackTickMsg
time=2026-05-09T14:26:05.066+02:00 level=DEBUG msg=playerState.onTick pos=2.2s dur=9.324s path=/home/patrick/tp7/Music/2026-05-05_134322_000.mp3
time=2026-05-09T14:26:05.167+02:00 level=DEBUG msg="rootModel: routing playback msg" active=0 type=main.playbackTickMsg
time=2026-05-09T14:26:05.167+02:00 level=DEBUG msg=playerState.onTick pos=2.2s dur=9.324s path=/home/patrick/tp7/Music/2026-05-05_134322_000.mp3
time=2026-05-09T14:26:05.268+02:00 level=DEBUG msg="rootModel: routing playback msg" active=0 type=main.playbackTickMsg
time=2026-05-09T14:26:05.268+02:00 level=DEBUG msg=playerState.onTick pos=2.2s dur=9.324s path=/home/patrick/tp7/Music/2026-05-05_134322_000.mp3
time=2026-05-09T14:26:05.369+02:00 level=DEBUG msg="rootModel: routing playback msg" active=0 type=main.playbackTickMsg
time=2026-05-09T14:26:05.369+02:00 level=DEBUG msg=playerState.onTick pos=2.2s dur=9.324s path=/home/patrick/tp7/Music/2026-05-05_134322_000.mp3
time=2026-05-09T14:26:05.469+02:00 level=DEBUG msg="rootModel: routing playback msg" active=0 type=main.playbackTickMsg
time=2026-05-09T14:26:05.469+02:00 level=DEBUG msg=playerState.onTick pos=2.2s dur=9.324s path=/home/patrick/tp7/Music/2026-05-05_134322_000.mp3
time=2026-05-09T14:26:05.570+02:00 level=DEBUG msg="rootModel: routing playback msg" active=0 type=main.playbackTickMsg
time=2026-05-09T14:26:05.570+02:00 level=DEBUG msg=playerState.onTick pos=2.2s dur=9.324s path=/home/patrick/tp7/Music/2026-05-05_134322_000.mp3
time=2026-05-09T14:26:05.671+02:00 level=DEBUG msg="rootModel: routing playback msg" active=0 type=main.playbackTickMsg
time=2026-05-09T14:26:05.671+02:00 level=DEBUG msg=playerState.onTick pos=2.2s dur=9.324s path=/home/patrick/tp7/Music/2026-05-05_134322_000.mp3
time=2026-05-09T14:26:05.771+02:00 level=DEBUG msg="rootModel: routing playback msg" active=0 type=main.playbackTickMsg
time=2026-05-09T14:26:05.771+02:00 level=DEBUG msg=playerState.onTick pos=2.2s dur=9.324s path=/home/patrick/tp7/Music/2026-05-05_134322_000.mp3
time=2026-05-09T14:26:05.872+02:00 level=DEBUG msg="rootModel: routing playback msg" active=0 type=main.playbackTickMsg
time=2026-05-09T14:26:05.872+02:00 level=DEBUG msg=playerState.onTick pos=2.2s dur=9.324s path=/home/patrick/tp7/Music/2026-05-05_134322_000.mp3
time=2026-05-09T14:26:05.973+02:00 level=DEBUG msg="rootModel: routing playback msg" active=0 type=main.playbackTickMsg
time=2026-05-09T14:26:05.973+02:00 level=DEBUG msg=playerState.onTick pos=2.2s dur=9.324s path=/home/patrick/tp7/Music/2026-05-05_134322_000.mp3
time=2026-05-09T14:26:06.074+02:00 level=DEBUG msg="rootModel: routing playback msg" active=0 type=main.playbackTickMsg
time=2026-05-09T14:26:06.074+02:00 level=DEBUG msg=playerState.onTick pos=2.2s dur=9.324s path=/home/patrick/tp7/Music/2026-05-05_134322_000.mp3
time=2026-05-09T14:26:06.175+02:00 level=DEBUG msg="rootModel: routing playback msg" active=0 type=main.playbackTickMsg
time=2026-05-09T14:26:06.175+02:00 level=DEBUG msg=playerState.onTick pos=2.2s dur=9.324s path=/home/patrick/tp7/Music/2026-05-05_134322_000.mp3
time=2026-05-09T14:26:06.275+02:00 level=DEBUG msg="rootModel: routing playback msg" active=0 type=main.playbackTickMsg
time=2026-05-09T14:26:06.275+02:00 level=DEBUG msg=playerState.onTick pos=2.2s dur=9.324s path=/home/patrick/tp7/Music/2026-05-05_134322_000.mp3
time=2026-05-09T14:26:06.366+02:00 level=DEBUG msg="importer: searching for device" err="USB device 2367:0019 not found in sysfs"
time=2026-05-09T14:26:06.376+02:00 level=DEBUG msg="rootModel: routing playback msg" active=0 type=main.playbackTickMsg
time=2026-05-09T14:26:06.376+02:00 level=DEBUG msg=playerState.onTick pos=2.2s dur=9.324s path=/home/patrick/tp7/Music/2026-05-05_134322_000.mp3
time=2026-05-09T14:26:06.477+02:00 level=DEBUG msg="rootModel: routing playback msg" active=0 type=main.playbackTickMsg
time=2026-05-09T14:26:06.477+02:00 level=DEBUG msg=playerState.onTick pos=2.2s dur=9.324s path=/home/patrick/tp7/Music/2026-05-05_134322_000.mp3
time=2026-05-09T14:26:06.577+02:00 level=DEBUG msg="rootModel: routing playback msg" active=0 type=main.playbackTickMsg
time=2026-05-09T14:26:06.577+02:00 level=DEBUG msg=playerState.onTick pos=2.2s dur=9.324s path=/home/patrick/tp7/Music/2026-05-05_134322_000.mp3
time=2026-05-09T14:26:06.678+02:00 level=DEBUG msg="rootModel: routing playback msg" active=0 type=main.playbackTickMsg
time=2026-05-09T14:26:06.678+02:00 level=DEBUG msg=playerState.onTick pos=2.2s dur=9.324s path=/home/patrick/tp7/Music/2026-05-05_134322_000.mp3
time=2026-05-09T14:26:06.779+02:00 level=DEBUG msg="rootModel: routing playback msg" active=0 type=main.playbackTickMsg
time=2026-05-09T14:26:06.779+02:00 level=DEBUG msg=playerState.onTick pos=2.2s dur=9.324s path=/home/patrick/tp7/Music/2026-05-05_134322_000.mp3
time=2026-05-09T14:26:06.880+02:00 level=DEBUG msg="rootModel: routing playback msg" active=0 type=main.playbackTickMsg
time=2026-05-09T14:26:06.880+02:00 level=DEBUG msg=playerState.onTick pos=2.2s dur=9.324s path=/home/patrick/tp7/Music/2026-05-05_134322_000.mp3
time=2026-05-09T14:26:06.981+02:00 level=DEBUG msg="rootModel: routing playback msg" active=0 type=main.playbackTickMsg
time=2026-05-09T14:26:06.981+02:00 level=DEBUG msg=playerState.onTick pos=2.2s dur=9.324s path=/home/patrick/tp7/Music/2026-05-05_134322_000.mp3
time=2026-05-09T14:26:07.082+02:00 level=DEBUG msg="rootModel: routing playback msg" active=0 type=main.playbackTickMsg
time=2026-05-09T14:26:07.082+02:00 level=DEBUG msg=playerState.onTick pos=2.2s dur=9.324s path=/home/patrick/tp7/Music/2026-05-05_134322_000.mp3
time=2026-05-09T14:26:07.183+02:00 level=DEBUG msg="rootModel: routing playback msg" active=0 type=main.playbackTickMsg
time=2026-05-09T14:26:07.183+02:00 level=DEBUG msg=playerState.onTick pos=2.2s dur=9.324s path=/home/patrick/tp7/Music/2026-05-05_134322_000.mp3
time=2026-05-09T14:26:07.283+02:00 level=DEBUG msg="rootModel: routing playback msg" active=0 type=main.playbackTickMsg
time=2026-05-09T14:26:07.283+02:00 level=DEBUG msg=playerState.onTick pos=2.2s dur=9.324s path=/home/patrick/tp7/Music/2026-05-05_134322_000.mp3
time=2026-05-09T14:26:07.383+02:00 level=DEBUG msg="rootModel: routing playback msg" active=0 type=main.playbackTickMsg
time=2026-05-09T14:26:07.383+02:00 level=DEBUG msg=playerState.onTick pos=2.2s dur=9.324s path=/home/patrick/tp7/Music/2026-05-05_134322_000.mp3
time=2026-05-09T14:26:07.484+02:00 level=DEBUG msg="rootModel: routing playback msg" active=0 type=main.playbackTickMsg
time=2026-05-09T14:26:07.484+02:00 level=DEBUG msg=playerState.onTick pos=2.2s dur=9.324s path=/home/patrick/tp7/Music/2026-05-05_134322_000.mp3
time=2026-05-09T14:26:07.585+02:00 level=DEBUG msg="rootModel: routing playback msg" active=0 type=main.playbackTickMsg
time=2026-05-09T14:26:07.585+02:00 level=DEBUG msg=playerState.onTick pos=2.2s dur=9.324s path=/home/patrick/tp7/Music/2026-05-05_134322_000.mp3
time=2026-05-09T14:26:07.686+02:00 level=DEBUG msg="rootModel: routing playback msg" active=0 type=main.playbackTickMsg
time=2026-05-09T14:26:07.686+02:00 level=DEBUG msg=playerState.onTick pos=2.2s dur=9.324s path=/home/patrick/tp7/Music/2026-05-05_134322_000.mp3
time=2026-05-09T14:26:07.787+02:00 level=DEBUG msg="rootModel: routing playback msg" active=0 type=main.playbackTickMsg
time=2026-05-09T14:26:07.787+02:00 level=DEBUG msg=playerState.onTick pos=2.2s dur=9.324s path=/home/patrick/tp7/Music/2026-05-05_134322_000.mp3
time=2026-05-09T14:26:07.888+02:00 level=DEBUG msg="rootModel: routing playback msg" active=0 type=main.playbackTickMsg
time=2026-05-09T14:26:07.888+02:00 level=DEBUG msg=playerState.onTick pos=2.2s dur=9.324s path=/home/patrick/tp7/Music/2026-05-05_134322_000.mp3
time=2026-05-09T14:26:07.989+02:00 level=DEBUG msg="rootModel: routing playback msg" active=0 type=main.playbackTickMsg
time=2026-05-09T14:26:07.989+02:00 level=DEBUG msg=playerState.onTick pos=2.2s dur=9.324s path=/home/patrick/tp7/Music/2026-05-05_134322_000.mp3
time=2026-05-09T14:26:08.089+02:00 level=DEBUG msg="rootModel: routing playback msg" active=0 type=main.playbackTickMsg
time=2026-05-09T14:26:08.089+02:00 level=DEBUG msg=playerState.onTick pos=2.2s dur=9.324s path=/home/patrick/tp7/Music/2026-05-05_134322_000.mp3
time=2026-05-09T14:26:08.190+02:00 level=DEBUG msg="rootModel: routing playback msg" active=0 type=main.playbackTickMsg
time=2026-05-09T14:26:08.190+02:00 level=DEBUG msg=playerState.onTick pos=2.2s dur=9.324s path=/home/patrick/tp7/Music/2026-05-05_134322_000.mp3
time=2026-05-09T14:26:08.290+02:00 level=DEBUG msg="rootModel: routing playback msg" active=0 type=main.playbackTickMsg
time=2026-05-09T14:26:08.290+02:00 level=DEBUG msg=playerState.onTick pos=2.2s dur=9.324s path=/home/patrick/tp7/Music/2026-05-05_134322_000.mp3
time=2026-05-09T14:26:08.391+02:00 level=DEBUG msg="rootModel: routing playback msg" active=0 type=main.playbackTickMsg
time=2026-05-09T14:26:08.391+02:00 level=DEBUG msg=playerState.onTick pos=2.2s dur=9.324s path=/home/patrick/tp7/Music/2026-05-05_134322_000.mp3
time=2026-05-09T14:26:08.492+02:00 level=DEBUG msg="rootModel: routing playback msg" active=0 type=main.playbackTickMsg
time=2026-05-09T14:26:08.493+02:00 level=DEBUG msg=playerState.onTick pos=2.2s dur=9.324s path=/home/patrick/tp7/Music/2026-05-05_134322_000.mp3
time=2026-05-09T14:26:08.594+02:00 level=DEBUG msg="rootModel: routing playback msg" active=0 type=main.playbackTickMsg
time=2026-05-09T14:26:08.594+02:00 level=DEBUG msg=playerState.onTick pos=2.2s dur=9.324s path=/home/patrick/tp7/Music/2026-05-05_134322_000.mp3
time=2026-05-09T14:26:08.694+02:00 level=DEBUG msg="rootModel: routing playback msg" active=0 type=main.playbackTickMsg
time=2026-05-09T14:26:08.694+02:00 level=DEBUG msg=playerState.onTick pos=2.2s dur=9.324s path=/home/patrick/tp7/Music/2026-05-05_134322_000.mp3
time=2026-05-09T14:26:08.795+02:00 level=DEBUG msg="rootModel: routing playback msg" active=0 type=main.playbackTickMsg
time=2026-05-09T14:26:08.795+02:00 level=DEBUG msg=playerState.onTick pos=2.2s dur=9.324s path=/home/patrick/tp7/Music/2026-05-05_134322_000.mp3
time=2026-05-09T14:26:08.896+02:00 level=DEBUG msg="rootModel: routing playback msg" active=0 type=main.playbackTickMsg
time=2026-05-09T14:26:08.896+02:00 level=DEBUG msg=playerState.onTick pos=2.2s dur=9.324s path=/home/patrick/tp7/Music/2026-05-05_134322_000.mp3
time=2026-05-09T14:26:08.997+02:00 level=DEBUG msg="rootModel: routing playback msg" active=0 type=main.playbackTickMsg
time=2026-05-09T14:26:08.997+02:00 level=DEBUG msg=playerState.onTick pos=2.2s dur=9.324s path=/home/patrick/tp7/Music/2026-05-05_134322_000.mp3
time=2026-05-09T14:26:09.097+02:00 level=DEBUG msg="rootModel: routing playback msg" active=0 type=main.playbackTickMsg
time=2026-05-09T14:26:09.097+02:00 level=DEBUG msg=playerState.onTick pos=2.2s dur=9.324s path=/home/patrick/tp7/Music/2026-05-05_134322_000.mp3
time=2026-05-09T14:26:09.199+02:00 level=DEBUG msg="rootModel: routing playback msg" active=0 type=main.playbackTickMsg
time=2026-05-09T14:26:09.199+02:00 level=DEBUG msg=playerState.onTick pos=2.2s dur=9.324s path=/home/patrick/tp7/Music/2026-05-05_134322_000.mp3
time=2026-05-09T14:26:09.300+02:00 level=DEBUG msg="rootModel: routing playback msg" active=0 type=main.playbackTickMsg
time=2026-05-09T14:26:09.300+02:00 level=DEBUG msg=playerState.onTick pos=2.2s dur=9.324s path=/home/patrick/tp7/Music/2026-05-05_134322_000.mp3
time=2026-05-09T14:26:09.400+02:00 level=DEBUG msg="rootModel: routing playback msg" active=0 type=main.playbackTickMsg
time=2026-05-09T14:26:09.401+02:00 level=DEBUG msg=playerState.onTick pos=2.2s dur=9.324s path=/home/patrick/tp7/Music/2026-05-05_134322_000.mp3
time=2026-05-09T14:26:09.501+02:00 level=DEBUG msg="rootModel: routing playback msg" active=0 type=main.playbackTickMsg
time=2026-05-09T14:26:09.501+02:00 level=DEBUG msg=playerState.onTick pos=2.2s dur=9.324s path=/home/patrick/tp7/Music/2026-05-05_134322_000.mp3
time=2026-05-09T14:26:09.602+02:00 level=DEBUG msg="rootModel: routing playback msg" active=0 type=main.playbackTickMsg
time=2026-05-09T14:26:09.602+02:00 level=DEBUG msg=playerState.onTick pos=2.2s dur=9.324s path=/home/patrick/tp7/Music/2026-05-05_134322_000.mp3
time=2026-05-09T14:26:09.703+02:00 level=DEBUG msg="rootModel: routing playback msg" active=0 type=main.playbackTickMsg
time=2026-05-09T14:26:09.703+02:00 level=DEBUG msg=playerState.onTick pos=2.2s dur=9.324s path=/home/patrick/tp7/Music/2026-05-05_134322_000.mp3
time=2026-05-09T14:26:09.804+02:00 level=DEBUG msg="rootModel: routing playback msg" active=0 type=main.playbackTickMsg
time=2026-05-09T14:26:09.804+02:00 level=DEBUG msg=playerState.onTick pos=2.2s dur=9.324s path=/home/patrick/tp7/Music/2026-05-05_134322_000.mp3
time=2026-05-09T14:26:09.905+02:00 level=DEBUG msg="rootModel: routing playback msg" active=0 type=main.playbackTickMsg
time=2026-05-09T14:26:09.905+02:00 level=DEBUG msg=playerState.onTick pos=2.2s dur=9.324s path=/home/patrick/tp7/Music/2026-05-05_134322_000.mp3
time=2026-05-09T14:26:10.006+02:00 level=DEBUG msg="rootModel: routing playback msg" active=0 type=main.playbackTickMsg
time=2026-05-09T14:26:10.006+02:00 level=DEBUG msg=playerState.onTick pos=2.2s dur=9.324s path=/home/patrick/tp7/Music/2026-05-05_134322_000.mp3
time=2026-05-09T14:26:10.107+02:00 level=DEBUG msg="rootModel: routing playback msg" active=0 type=main.playbackTickMsg
time=2026-05-09T14:26:10.107+02:00 level=DEBUG msg=playerState.onTick pos=2.2s dur=9.324s path=/home/patrick/tp7/Music/2026-05-05_134322_000.mp3
time=2026-05-09T14:26:10.208+02:00 level=DEBUG msg="rootModel: routing playback msg" active=0 type=main.playbackTickMsg
time=2026-05-09T14:26:10.208+02:00 level=DEBUG msg=playerState.onTick pos=2.2s dur=9.324s path=/home/patrick/tp7/Music/2026-05-05_134322_000.mp3
time=2026-05-09T14:26:10.309+02:00 level=DEBUG msg="rootModel: routing playback msg" active=0 type=main.playbackTickMsg
time=2026-05-09T14:26:10.309+02:00 level=DEBUG msg=playerState.onTick pos=2.2s dur=9.324s path=/home/patrick/tp7/Music/2026-05-05_134322_000.mp3
time=2026-05-09T14:26:10.410+02:00 level=DEBUG msg="rootModel: routing playback msg" active=0 type=main.playbackTickMsg
time=2026-05-09T14:26:10.410+02:00 level=DEBUG msg=playerState.onTick pos=2.2s dur=9.324s path=/home/patrick/tp7/Music/2026-05-05_134322_000.mp3
time=2026-05-09T14:26:10.511+02:00 level=DEBUG msg="rootModel: routing playback msg" active=0 type=main.playbackTickMsg
time=2026-05-09T14:26:10.511+02:00 level=DEBUG msg=playerState.onTick pos=2.2s dur=9.324s path=/home/patrick/tp7/Music/2026-05-05_134322_000.mp3
time=2026-05-09T14:26:10.612+02:00 level=DEBUG msg="rootModel: routing playback msg" active=0 type=main.playbackTickMsg
time=2026-05-09T14:26:10.612+02:00 level=DEBUG msg=playerState.onTick pos=2.2s dur=9.324s path=/home/patrick/tp7/Music/2026-05-05_134322_000.mp3
time=2026-05-09T14:26:10.712+02:00 level=DEBUG msg="rootModel: routing playback msg" active=0 type=main.playbackTickMsg
time=2026-05-09T14:26:10.712+02:00 level=DEBUG msg=playerState.onTick pos=2.2s dur=9.324s path=/home/patrick/tp7/Music/2026-05-05_134322_000.mp3
time=2026-05-09T14:26:10.813+02:00 level=DEBUG msg="rootModel: routing playback msg" active=0 type=main.playbackTickMsg
time=2026-05-09T14:26:10.814+02:00 level=DEBUG msg=playerState.onTick pos=2.2s dur=9.324s path=/home/patrick/tp7/Music/2026-05-05_134322_000.mp3
time=2026-05-09T14:26:10.915+02:00 level=DEBUG msg="rootModel: routing playback msg" active=0 type=main.playbackTickMsg
time=2026-05-09T14:26:10.915+02:00 level=DEBUG msg=playerState.onTick pos=2.2s dur=9.324s path=/home/patrick/tp7/Music/2026-05-05_134322_000.mp3
time=2026-05-09T14:26:11.016+02:00 level=DEBUG msg="rootModel: routing playback msg" active=0 type=main.playbackTickMsg
time=2026-05-09T14:26:11.016+02:00 level=DEBUG msg=playerState.onTick pos=2.2s dur=9.324s path=/home/patrick/tp7/Music/2026-05-05_134322_000.mp3
time=2026-05-09T14:26:11.117+02:00 level=DEBUG msg="rootModel: routing playback msg" active=0 type=main.playbackTickMsg
time=2026-05-09T14:26:11.117+02:00 level=DEBUG msg=playerState.onTick pos=2.2s dur=9.324s path=/home/patrick/tp7/Music/2026-05-05_134322_000.mp3
time=2026-05-09T14:26:11.218+02:00 level=DEBUG msg="rootModel: routing playback msg" active=0 type=main.playbackTickMsg
time=2026-05-09T14:26:11.218+02:00 level=DEBUG msg=playerState.onTick pos=2.2s dur=9.324s path=/home/patrick/tp7/Music/2026-05-05_134322_000.mp3
time=2026-05-09T14:26:11.319+02:00 level=DEBUG msg="rootModel: routing playback msg" active=0 type=main.playbackTickMsg
time=2026-05-09T14:26:11.319+02:00 level=DEBUG msg=playerState.onTick pos=2.2s dur=9.324s path=/home/patrick/tp7/Music/2026-05-05_134322_000.mp3
time=2026-05-09T14:26:11.367+02:00 level=DEBUG msg="importer: searching for device" err="USB device 2367:0019 not found in sysfs"
time=2026-05-09T14:26:11.420+02:00 level=DEBUG msg="rootModel: routing playback msg" active=0 type=main.playbackTickMsg
time=2026-05-09T14:26:11.420+02:00 level=DEBUG msg=playerState.onTick pos=2.2s dur=9.324s path=/home/patrick/tp7/Music/2026-05-05_134322_000.mp3
time=2026-05-09T14:26:11.521+02:00 level=DEBUG msg="rootModel: routing playback msg" active=0 type=main.playbackTickMsg
time=2026-05-09T14:26:11.521+02:00 level=DEBUG msg=playerState.onTick pos=2.2s dur=9.324s path=/home/patrick/tp7/Music/2026-05-05_134322_000.mp3
time=2026-05-09T14:26:11.622+02:00 level=DEBUG msg="rootModel: routing playback msg" active=0 type=main.playbackTickMsg
time=2026-05-09T14:26:11.622+02:00 level=DEBUG msg=playerState.onTick pos=2.2s dur=9.324s path=/home/patrick/tp7/Music/2026-05-05_134322_000.mp3
time=2026-05-09T14:26:11.722+02:00 level=DEBUG msg="rootModel: routing playback msg" active=0 type=main.playbackTickMsg
time=2026-05-09T14:26:11.723+02:00 level=DEBUG msg=playerState.onTick pos=2.2s dur=9.324s path=/home/patrick/tp7/Music/2026-05-05_134322_000.mp3
time=2026-05-09T14:26:11.823+02:00 level=DEBUG msg="rootModel: routing playback msg" active=0 type=main.playbackTickMsg
time=2026-05-09T14:26:11.823+02:00 level=DEBUG msg=playerState.onTick pos=2.2s dur=9.324s path=/home/patrick/tp7/Music/2026-05-05_134322_000.mp3
time=2026-05-09T14:26:11.923+02:00 level=DEBUG msg="rootModel: routing playback msg" active=0 type=main.playbackTickMsg
time=2026-05-09T14:26:11.923+02:00 level=DEBUG msg=playerState.onTick pos=2.2s dur=9.324s path=/home/patrick/tp7/Music/2026-05-05_134322_000.mp3
time=2026-05-09T14:26:12.024+02:00 level=DEBUG msg="rootModel: routing playback msg" active=0 type=main.playbackTickMsg
time=2026-05-09T14:26:12.024+02:00 level=DEBUG msg=playerState.onTick pos=2.2s dur=9.324s path=/home/patrick/tp7/Music/2026-05-05_134322_000.mp3
time=2026-05-09T14:26:12.125+02:00 level=DEBUG msg="rootModel: routing playback msg" active=0 type=main.playbackTickMsg
time=2026-05-09T14:26:12.125+02:00 level=DEBUG msg=playerState.onTick pos=2.2s dur=9.324s path=/home/patrick/tp7/Music/2026-05-05_134322_000.mp3
time=2026-05-09T14:26:12.226+02:00 level=DEBUG msg="rootModel: routing playback msg" active=0 type=main.playbackTickMsg
time=2026-05-09T14:26:12.226+02:00 level=DEBUG msg=playerState.onTick pos=2.2s dur=9.324s path=/home/patrick/tp7/Music/2026-05-05_134322_000.mp3
time=2026-05-09T14:26:12.327+02:00 level=DEBUG msg="rootModel: routing playback msg" active=0 type=main.playbackTickMsg
time=2026-05-09T14:26:12.327+02:00 level=DEBUG msg=playerState.onTick pos=2.2s dur=9.324s path=/home/patrick/tp7/Music/2026-05-05_134322_000.mp3
time=2026-05-09T14:26:12.428+02:00 level=DEBUG msg="rootModel: routing playback msg" active=0 type=main.playbackTickMsg
time=2026-05-09T14:26:12.428+02:00 level=DEBUG msg=playerState.onTick pos=2.2s dur=9.324s path=/home/patrick/tp7/Music/2026-05-05_134322_000.mp3
time=2026-05-09T14:26:12.529+02:00 level=DEBUG msg="rootModel: routing playback msg" active=0 type=main.playbackTickMsg
time=2026-05-09T14:26:12.529+02:00 level=DEBUG msg=playerState.onTick pos=2.2s dur=9.324s path=/home/patrick/tp7/Music/2026-05-05_134322_000.mp3
time=2026-05-09T14:26:12.631+02:00 level=DEBUG msg="rootModel: routing playback msg" active=0 type=main.playbackTickMsg
time=2026-05-09T14:26:12.631+02:00 level=DEBUG msg=playerState.onTick pos=2.2s dur=9.324s path=/home/patrick/tp7/Music/2026-05-05_134322_000.mp3
time=2026-05-09T14:26:12.731+02:00 level=DEBUG msg="rootModel: routing playback msg" active=0 type=main.playbackTickMsg
time=2026-05-09T14:26:12.732+02:00 level=DEBUG msg=playerState.onTick pos=2.2s dur=9.324s path=/home/patrick/tp7/Music/2026-05-05_134322_000.mp3
time=2026-05-09T14:26:12.832+02:00 level=DEBUG msg="rootModel: routing playback msg" active=0 type=main.playbackTickMsg
time=2026-05-09T14:26:12.832+02:00 level=DEBUG msg=playerState.onTick pos=2.2s dur=9.324s path=/home/patrick/tp7/Music/2026-05-05_134322_000.mp3
time=2026-05-09T14:26:12.933+02:00 level=DEBUG msg="rootModel: routing playback msg" active=0 type=main.playbackTickMsg
time=2026-05-09T14:26:12.933+02:00 level=DEBUG msg=playerState.onTick pos=2.2s dur=9.324s path=/home/patrick/tp7/Music/2026-05-05_134322_000.mp3
time=2026-05-09T14:26:13.034+02:00 level=DEBUG msg="rootModel: routing playback msg" active=0 type=main.playbackTickMsg
time=2026-05-09T14:26:13.034+02:00 level=DEBUG msg=playerState.onTick pos=2.2s dur=9.324s path=/home/patrick/tp7/Music/2026-05-05_134322_000.mp3
time=2026-05-09T14:26:13.134+02:00 level=DEBUG msg="rootModel: routing playback msg" active=0 type=main.playbackTickMsg
time=2026-05-09T14:26:13.134+02:00 level=DEBUG msg=playerState.onTick pos=2.2s dur=9.324s path=/home/patrick/tp7/Music/2026-05-05_134322_000.mp3
time=2026-05-09T14:26:13.235+02:00 level=DEBUG msg="rootModel: routing playback msg" active=0 type=main.playbackTickMsg
time=2026-05-09T14:26:13.235+02:00 level=DEBUG msg=playerState.onTick pos=2.2s dur=9.324s path=/home/patrick/tp7/Music/2026-05-05_134322_000.mp3
time=2026-05-09T14:26:13.335+02:00 level=DEBUG msg="rootModel: routing playback msg" active=0 type=main.playbackTickMsg
time=2026-05-09T14:26:13.335+02:00 level=DEBUG msg=playerState.onTick pos=2.2s dur=9.324s path=/home/patrick/tp7/Music/2026-05-05_134322_000.mp3
time=2026-05-09T14:26:13.435+02:00 level=DEBUG msg="rootModel: routing playback msg" active=0 type=main.playbackTickMsg
time=2026-05-09T14:26:13.435+02:00 level=DEBUG msg=playerState.onTick pos=2.2s dur=9.324s path=/home/patrick/tp7/Music/2026-05-05_134322_000.mp3
time=2026-05-09T14:26:13.536+02:00 level=DEBUG msg="rootModel: routing playback msg" active=0 type=main.playbackTickMsg
time=2026-05-09T14:26:13.536+02:00 level=DEBUG msg=playerState.onTick pos=2.2s dur=9.324s path=/home/patrick/tp7/Music/2026-05-05_134322_000.mp3
time=2026-05-09T14:26:13.637+02:00 level=DEBUG msg="rootModel: routing playback msg" active=0 type=main.playbackTickMsg
time=2026-05-09T14:26:13.637+02:00 level=DEBUG msg=playerState.onTick pos=2.2s dur=9.324s path=/home/patrick/tp7/Music/2026-05-05_134322_000.mp3
time=2026-05-09T14:26:13.738+02:00 level=DEBUG msg="rootModel: routing playback msg" active=0 type=main.playbackTickMsg
time=2026-05-09T14:26:13.738+02:00 level=DEBUG msg=playerState.onTick pos=2.2s dur=9.324s path=/home/patrick/tp7/Music/2026-05-05_134322_000.mp3
time=2026-05-09T14:26:13.840+02:00 level=DEBUG msg="rootModel: routing playback msg" active=0 type=main.playbackTickMsg
time=2026-05-09T14:26:13.840+02:00 level=DEBUG msg=playerState.onTick pos=2.2s dur=9.324s path=/home/patrick/tp7/Music/2026-05-05_134322_000.mp3
time=2026-05-09T14:26:13.941+02:00 level=DEBUG msg="rootModel: routing playback msg" active=0 type=main.playbackTickMsg
time=2026-05-09T14:26:13.941+02:00 level=DEBUG msg=playerState.onTick pos=2.2s dur=9.324s path=/home/patrick/tp7/Music/2026-05-05_134322_000.mp3
time=2026-05-09T14:26:14.041+02:00 level=DEBUG msg="rootModel: routing playback msg" active=0 type=main.playbackTickMsg
time=2026-05-09T14:26:14.041+02:00 level=DEBUG msg=playerState.onTick pos=2.2s dur=9.324s path=/home/patrick/tp7/Music/2026-05-05_134322_000.mp3
time=2026-05-09T14:26:14.142+02:00 level=DEBUG msg="rootModel: routing playback msg" active=0 type=main.playbackTickMsg
time=2026-05-09T14:26:14.142+02:00 level=DEBUG msg=playerState.onTick pos=2.2s dur=9.324s path=/home/patrick/tp7/Music/2026-05-05_134322_000.mp3
time=2026-05-09T14:26:14.243+02:00 level=DEBUG msg="rootModel: routing playback msg" active=0 type=main.playbackTickMsg
time=2026-05-09T14:26:14.243+02:00 level=DEBUG msg=playerState.onTick pos=2.2s dur=9.324s path=/home/patrick/tp7/Music/2026-05-05_134322_000.mp3
time=2026-05-09T14:26:14.344+02:00 level=DEBUG msg="rootModel: routing playback msg" active=0 type=main.playbackTickMsg
time=2026-05-09T14:26:14.344+02:00 level=DEBUG msg=playerState.onTick pos=2.2s dur=9.324s path=/home/patrick/tp7/Music/2026-05-05_134322_000.mp3
time=2026-05-09T14:26:14.445+02:00 level=DEBUG msg="rootModel: routing playback msg" active=0 type=main.playbackTickMsg
time=2026-05-09T14:26:14.445+02:00 level=DEBUG msg=playerState.onTick pos=2.2s dur=9.324s path=/home/patrick/tp7/Music/2026-05-05_134322_000.mp3
time=2026-05-09T14:26:14.546+02:00 level=DEBUG msg="rootModel: routing playback msg" active=0 type=main.playbackTickMsg
time=2026-05-09T14:26:14.546+02:00 level=DEBUG msg=playerState.onTick pos=2.2s dur=9.324s path=/home/patrick/tp7/Music/2026-05-05_134322_000.mp3
time=2026-05-09T14:26:14.647+02:00 level=DEBUG msg="rootModel: routing playback msg" active=0 type=main.playbackTickMsg
time=2026-05-09T14:26:14.647+02:00 level=DEBUG msg=playerState.onTick pos=2.2s dur=9.324s path=/home/patrick/tp7/Music/2026-05-05_134322_000.mp3
time=2026-05-09T14:26:14.747+02:00 level=DEBUG msg="rootModel: routing playback msg" active=0 type=main.playbackTickMsg
time=2026-05-09T14:26:14.747+02:00 level=DEBUG msg=playerState.onTick pos=2.2s dur=9.324s path=/home/patrick/tp7/Music/2026-05-05_134322_000.mp3
time=2026-05-09T14:26:14.849+02:00 level=DEBUG msg="rootModel: routing playback msg" active=0 type=main.playbackTickMsg
time=2026-05-09T14:26:14.849+02:00 level=DEBUG msg=playerState.onTick pos=2.2s dur=9.324s path=/home/patrick/tp7/Music/2026-05-05_134322_000.mp3
time=2026-05-09T14:26:14.949+02:00 level=DEBUG msg="rootModel: routing playback msg" active=0 type=main.playbackTickMsg
time=2026-05-09T14:26:14.949+02:00 level=DEBUG msg=playerState.onTick pos=2.2s dur=9.324s path=/home/patrick/tp7/Music/2026-05-05_134322_000.mp3
time=2026-05-09T14:26:15.050+02:00 level=DEBUG msg="rootModel: routing playback msg" active=0 type=main.playbackTickMsg
time=2026-05-09T14:26:15.050+02:00 level=DEBUG msg=playerState.onTick pos=2.2s dur=9.324s path=/home/patrick/tp7/Music/2026-05-05_134322_000.mp3
time=2026-05-09T14:26:15.150+02:00 level=DEBUG msg="rootModel: routing playback msg" active=0 type=main.playbackTickMsg
time=2026-05-09T14:26:15.150+02:00 level=DEBUG msg=playerState.onTick pos=2.2s dur=9.324s path=/home/patrick/tp7/Music/2026-05-05_134322_000.mp3
time=2026-05-09T14:26:15.251+02:00 level=DEBUG msg="rootModel: routing playback msg" active=0 type=main.playbackTickMsg
time=2026-05-09T14:26:15.251+02:00 level=DEBUG msg=playerState.onTick pos=2.2s dur=9.324s path=/home/patrick/tp7/Music/2026-05-05_134322_000.mp3
time=2026-05-09T14:26:15.352+02:00 level=DEBUG msg="rootModel: routing playback msg" active=0 type=main.playbackTickMsg
time=2026-05-09T14:26:15.352+02:00 level=DEBUG msg=playerState.onTick pos=2.2s dur=9.324s path=/home/patrick/tp7/Music/2026-05-05_134322_000.mp3
time=2026-05-09T14:26:15.453+02:00 level=DEBUG msg="rootModel: routing playback msg" active=0 type=main.playbackTickMsg
time=2026-05-09T14:26:15.453+02:00 level=DEBUG msg=playerState.onTick pos=2.2s dur=9.324s path=/home/patrick/tp7/Music/2026-05-05_134322_000.mp3
time=2026-05-09T14:26:15.554+02:00 level=DEBUG msg="rootModel: routing playback msg" active=0 type=main.playbackTickMsg
time=2026-05-09T14:26:15.554+02:00 level=DEBUG msg=playerState.onTick pos=2.2s dur=9.324s path=/home/patrick/tp7/Music/2026-05-05_134322_000.mp3
time=2026-05-09T14:26:15.655+02:00 level=DEBUG msg="rootModel: routing playback msg" active=0 type=main.playbackTickMsg
time=2026-05-09T14:26:15.655+02:00 level=DEBUG msg=playerState.onTick pos=2.2s dur=9.324s path=/home/patrick/tp7/Music/2026-05-05_134322_000.mp3
time=2026-05-09T14:26:15.756+02:00 level=DEBUG msg="rootModel: routing playback msg" active=0 type=main.playbackTickMsg
time=2026-05-09T14:26:15.756+02:00 level=DEBUG msg=playerState.onTick pos=2.2s dur=9.324s path=/home/patrick/tp7/Music/2026-05-05_134322_000.mp3
time=2026-05-09T14:26:15.857+02:00 level=DEBUG msg="rootModel: routing playback msg" active=0 type=main.playbackTickMsg
time=2026-05-09T14:26:15.857+02:00 level=DEBUG msg=playerState.onTick pos=2.2s dur=9.324s path=/home/patrick/tp7/Music/2026-05-05_134322_000.mp3
time=2026-05-09T14:26:15.958+02:00 level=DEBUG msg="rootModel: routing playback msg" active=0 type=main.playbackTickMsg
time=2026-05-09T14:26:15.958+02:00 level=DEBUG msg=playerState.onTick pos=2.2s dur=9.324s path=/home/patrick/tp7/Music/2026-05-05_134322_000.mp3
time=2026-05-09T14:26:16.059+02:00 level=DEBUG msg="rootModel: routing playback msg" active=0 type=main.playbackTickMsg
time=2026-05-09T14:26:16.059+02:00 level=DEBUG msg=playerState.onTick pos=2.2s dur=9.324s path=/home/patrick/tp7/Music/2026-05-05_134322_000.mp3
time=2026-05-09T14:26:16.159+02:00 level=DEBUG msg="rootModel: routing playback msg" active=0 type=main.playbackTickMsg
time=2026-05-09T14:26:16.159+02:00 level=DEBUG msg=playerState.onTick pos=2.2s dur=9.324s path=/home/patrick/tp7/Music/2026-05-05_134322_000.mp3
time=2026-05-09T14:26:16.261+02:00 level=DEBUG msg="rootModel: routing playback msg" active=0 type=main.playbackTickMsg
time=2026-05-09T14:26:16.261+02:00 level=DEBUG msg=playerState.onTick pos=2.2s dur=9.324s path=/home/patrick/tp7/Music/2026-05-05_134322_000.mp3
time=2026-05-09T14:26:16.362+02:00 level=DEBUG msg="rootModel: routing playback msg" active=0 type=main.playbackTickMsg
time=2026-05-09T14:26:16.362+02:00 level=DEBUG msg=playerState.onTick pos=2.2s dur=9.324s path=/home/patrick/tp7/Music/2026-05-05_134322_000.mp3
time=2026-05-09T14:26:16.366+02:00 level=DEBUG msg="importer: searching for device" err="USB device 2367:0019 not found in sysfs"
time=2026-05-09T14:26:16.463+02:00 level=DEBUG msg="rootModel: routing playback msg" active=0 type=main.playbackTickMsg
time=2026-05-09T14:26:16.463+02:00 level=DEBUG msg=playerState.onTick pos=2.2s dur=9.324s path=/home/patrick/tp7/Music/2026-05-05_134322_000.mp3
time=2026-05-09T14:26:16.563+02:00 level=DEBUG msg="rootModel: routing playback msg" active=0 type=main.playbackTickMsg
time=2026-05-09T14:26:16.563+02:00 level=DEBUG msg=playerState.onTick pos=2.2s dur=9.324s path=/home/patrick/tp7/Music/2026-05-05_134322_000.mp3
time=2026-05-09T14:26:16.664+02:00 level=DEBUG msg="rootModel: routing playback msg" active=0 type=main.playbackTickMsg
time=2026-05-09T14:26:16.664+02:00 level=DEBUG msg=playerState.onTick pos=2.2s dur=9.324s path=/home/patrick/tp7/Music/2026-05-05_134322_000.mp3
time=2026-05-09T14:26:16.765+02:00 level=DEBUG msg="rootModel: routing playback msg" active=0 type=main.playbackTickMsg
time=2026-05-09T14:26:16.765+02:00 level=DEBUG msg=playerState.onTick pos=2.2s dur=9.324s path=/home/patrick/tp7/Music/2026-05-05_134322_000.mp3
time=2026-05-09T14:26:16.866+02:00 level=DEBUG msg="rootModel: routing playback msg" active=0 type=main.playbackTickMsg
time=2026-05-09T14:26:16.866+02:00 level=DEBUG msg=playerState.onTick pos=2.2s dur=9.324s path=/home/patrick/tp7/Music/2026-05-05_134322_000.mp3
time=2026-05-09T14:26:16.967+02:00 level=DEBUG msg="rootModel: routing playback msg" active=0 type=main.playbackTickMsg
time=2026-05-09T14:26:16.967+02:00 level=DEBUG msg=playerState.onTick pos=2.2s dur=9.324s path=/home/patrick/tp7/Music/2026-05-05_134322_000.mp3
time=2026-05-09T14:26:17.068+02:00 level=DEBUG msg="rootModel: routing playback msg" active=0 type=main.playbackTickMsg
time=2026-05-09T14:26:17.068+02:00 level=DEBUG msg=playerState.onTick pos=2.2s dur=9.324s path=/home/patrick/tp7/Music/2026-05-05_134322_000.mp3
time=2026-05-09T14:26:17.169+02:00 level=DEBUG msg="rootModel: routing playback msg" active=0 type=main.playbackTickMsg
time=2026-05-09T14:26:17.169+02:00 level=DEBUG msg=playerState.onTick pos=2.2s dur=9.324s path=/home/patrick/tp7/Music/2026-05-05_134322_000.mp3
time=2026-05-09T14:26:17.270+02:00 level=DEBUG msg="rootModel: routing playback msg" active=0 type=main.playbackTickMsg
time=2026-05-09T14:26:17.270+02:00 level=DEBUG msg=playerState.onTick pos=2.2s dur=9.324s path=/home/patrick/tp7/Music/2026-05-05_134322_000.mp3
time=2026-05-09T14:26:17.371+02:00 level=DEBUG msg="rootModel: routing playback msg" active=0 type=main.playbackTickMsg
time=2026-05-09T14:26:17.371+02:00 level=DEBUG msg=playerState.onTick pos=2.2s dur=9.324s path=/home/patrick/tp7/Music/2026-05-05_134322_000.mp3
time=2026-05-09T14:26:17.472+02:00 level=DEBUG msg="rootModel: routing playback msg" active=0 type=main.playbackTickMsg
time=2026-05-09T14:26:17.472+02:00 level=DEBUG msg=playerState.onTick pos=2.2s dur=9.324s path=/home/patrick/tp7/Music/2026-05-05_134322_000.mp3
time=2026-05-09T14:26:17.573+02:00 level=DEBUG msg="rootModel: routing playback msg" active=0 type=main.playbackTickMsg
time=2026-05-09T14:26:17.573+02:00 level=DEBUG msg=playerState.onTick pos=2.2s dur=9.324s path=/home/patrick/tp7/Music/2026-05-05_134322_000.mp3
time=2026-05-09T14:26:17.674+02:00 level=DEBUG msg="rootModel: routing playback msg" active=0 type=main.playbackTickMsg
time=2026-05-09T14:26:17.674+02:00 level=DEBUG msg=playerState.onTick pos=2.2s dur=9.324s path=/home/patrick/tp7/Music/2026-05-05_134322_000.mp3
time=2026-05-09T14:26:17.775+02:00 level=DEBUG msg="rootModel: routing playback msg" active=0 type=main.playbackTickMsg
time=2026-05-09T14:26:17.775+02:00 level=DEBUG msg=playerState.onTick pos=2.2s dur=9.324s path=/home/patrick/tp7/Music/2026-05-05_134322_000.mp3
time=2026-05-09T14:26:17.875+02:00 level=DEBUG msg="rootModel: routing playback msg" active=0 type=main.playbackTickMsg
time=2026-05-09T14:26:17.875+02:00 level=DEBUG msg=playerState.onTick pos=2.2s dur=9.324s path=/home/patrick/tp7/Music/2026-05-05_134322_000.mp3
time=2026-05-09T14:26:17.976+02:00 level=DEBUG msg="rootModel: routing playback msg" active=0 type=main.playbackTickMsg
time=2026-05-09T14:26:17.976+02:00 level=DEBUG msg=playerState.onTick pos=2.2s dur=9.324s path=/home/patrick/tp7/Music/2026-05-05_134322_000.mp3
time=2026-05-09T14:26:18.077+02:00 level=DEBUG msg="rootModel: routing playback msg" active=0 type=main.playbackTickMsg
time=2026-05-09T14:26:18.077+02:00 level=DEBUG msg=playerState.onTick pos=2.2s dur=9.324s path=/home/patrick/tp7/Music/2026-05-05_134322_000.mp3
time=2026-05-09T14:26:18.178+02:00 level=DEBUG msg="rootModel: routing playback msg" active=0 type=main.playbackTickMsg
time=2026-05-09T14:26:18.178+02:00 level=DEBUG msg=playerState.onTick pos=2.2s dur=9.324s path=/home/patrick/tp7/Music/2026-05-05_134322_000.mp3
time=2026-05-09T14:26:18.279+02:00 level=DEBUG msg="rootModel: routing playback msg" active=0 type=main.playbackTickMsg
time=2026-05-09T14:26:18.279+02:00 level=DEBUG msg=playerState.onTick pos=2.2s dur=9.324s path=/home/patrick/tp7/Music/2026-05-05_134322_000.mp3
time=2026-05-09T14:26:18.380+02:00 level=DEBUG msg="rootModel: routing playback msg" active=0 type=main.playbackTickMsg
time=2026-05-09T14:26:18.381+02:00 level=DEBUG msg=playerState.onTick pos=2.2s dur=9.324s path=/home/patrick/tp7/Music/2026-05-05_134322_000.mp3
time=2026-05-09T14:26:18.481+02:00 level=DEBUG msg="rootModel: routing playback msg" active=0 type=main.playbackTickMsg
time=2026-05-09T14:26:18.481+02:00 level=DEBUG msg=playerState.onTick pos=2.2s dur=9.324s path=/home/patrick/tp7/Music/2026-05-05_134322_000.mp3
time=2026-05-09T14:26:18.581+02:00 level=DEBUG msg="rootModel: routing playback msg" active=0 type=main.playbackTickMsg
time=2026-05-09T14:26:18.581+02:00 level=DEBUG msg=playerState.onTick pos=2.2s dur=9.324s path=/home/patrick/tp7/Music/2026-05-05_134322_000.mp3
time=2026-05-09T14:26:18.682+02:00 level=DEBUG msg="rootModel: routing playback msg" active=0 type=main.playbackTickMsg
time=2026-05-09T14:26:18.682+02:00 level=DEBUG msg=playerState.onTick pos=2.2s dur=9.324s path=/home/patrick/tp7/Music/2026-05-05_134322_000.mp3
time=2026-05-09T14:26:18.782+02:00 level=DEBUG msg="rootModel: routing playback msg" active=0 type=main.playbackTickMsg
time=2026-05-09T14:26:18.782+02:00 level=DEBUG msg=playerState.onTick pos=2.2s dur=9.324s path=/home/patrick/tp7/Music/2026-05-05_134322_000.mp3
time=2026-05-09T14:26:18.882+02:00 level=DEBUG msg="rootModel: routing playback msg" active=0 type=main.playbackTickMsg
time=2026-05-09T14:26:18.882+02:00 level=DEBUG msg=playerState.onTick pos=2.2s dur=9.324s path=/home/patrick/tp7/Music/2026-05-05_134322_000.mp3
time=2026-05-09T14:26:18.983+02:00 level=DEBUG msg="rootModel: routing playback msg" active=0 type=main.playbackTickMsg
time=2026-05-09T14:26:18.983+02:00 level=DEBUG msg=playerState.onTick pos=2.2s dur=9.324s path=/home/patrick/tp7/Music/2026-05-05_134322_000.mp3
time=2026-05-09T14:26:19.084+02:00 level=DEBUG msg="rootModel: routing playback msg" active=0 type=main.playbackTickMsg
time=2026-05-09T14:26:19.084+02:00 level=DEBUG msg=playerState.onTick pos=2.2s dur=9.324s path=/home/patrick/tp7/Music/2026-05-05_134322_000.mp3
time=2026-05-09T14:26:19.185+02:00 level=DEBUG msg="rootModel: routing playback msg" active=0 type=main.playbackTickMsg
time=2026-05-09T14:26:19.185+02:00 level=DEBUG msg=playerState.onTick pos=2.2s dur=9.324s path=/home/patrick/tp7/Music/2026-05-05_134322_000.mp3
time=2026-05-09T14:26:19.286+02:00 level=DEBUG msg="rootModel: routing playback msg" active=0 type=main.playbackTickMsg
time=2026-05-09T14:26:19.286+02:00 level=DEBUG msg=playerState.onTick pos=2.2s dur=9.324s path=/home/patrick/tp7/Music/2026-05-05_134322_000.mp3
time=2026-05-09T14:26:19.386+02:00 level=DEBUG msg="rootModel: routing playback msg" active=0 type=main.playbackTickMsg
time=2026-05-09T14:26:19.386+02:00 level=DEBUG msg=playerState.onTick pos=2.2s dur=9.324s path=/home/patrick/tp7/Music/2026-05-05_134322_000.mp3
time=2026-05-09T14:26:19.487+02:00 level=DEBUG msg="rootModel: routing playback msg" active=0 type=main.playbackTickMsg
time=2026-05-09T14:26:19.487+02:00 level=DEBUG msg=playerState.onTick pos=2.2s dur=9.324s path=/home/patrick/tp7/Music/2026-05-05_134322_000.mp3
time=2026-05-09T14:26:19.587+02:00 level=DEBUG msg="rootModel: routing playback msg" active=0 type=main.playbackTickMsg
time=2026-05-09T14:26:19.587+02:00 level=DEBUG msg=playerState.onTick pos=2.2s dur=9.324s path=/home/patrick/tp7/Music/2026-05-05_134322_000.mp3
time=2026-05-09T14:26:19.688+02:00 level=DEBUG msg="rootModel: routing playback msg" active=0 type=main.playbackTickMsg
time=2026-05-09T14:26:19.688+02:00 level=DEBUG msg=playerState.onTick pos=2.2s dur=9.324s path=/home/patrick/tp7/Music/2026-05-05_134322_000.mp3
time=2026-05-09T14:26:19.788+02:00 level=DEBUG msg="rootModel: routing playback msg" active=0 type=main.playbackTickMsg
time=2026-05-09T14:26:19.788+02:00 level=DEBUG msg=playerState.onTick pos=2.2s dur=9.324s path=/home/patrick/tp7/Music/2026-05-05_134322_000.mp3
time=2026-05-09T14:26:19.890+02:00 level=DEBUG msg="rootModel: routing playback msg" active=0 type=main.playbackTickMsg
time=2026-05-09T14:26:19.890+02:00 level=DEBUG msg=playerState.onTick pos=2.2s dur=9.324s path=/home/patrick/tp7/Music/2026-05-05_134322_000.mp3
time=2026-05-09T14:26:19.990+02:00 level=DEBUG msg="rootModel: routing playback msg" active=0 type=main.playbackTickMsg
time=2026-05-09T14:26:19.991+02:00 level=DEBUG msg=playerState.onTick pos=2.2s dur=9.324s path=/home/patrick/tp7/Music/2026-05-05_134322_000.mp3
time=2026-05-09T14:26:20.092+02:00 level=DEBUG msg="rootModel: routing playback msg" active=0 type=main.playbackTickMsg
time=2026-05-09T14:26:20.092+02:00 level=DEBUG msg=playerState.onTick pos=2.2s dur=9.324s path=/home/patrick/tp7/Music/2026-05-05_134322_000.mp3
time=2026-05-09T14:26:20.193+02:00 level=DEBUG msg="rootModel: routing playback msg" active=0 type=main.playbackTickMsg
time=2026-05-09T14:26:20.193+02:00 level=DEBUG msg=playerState.onTick pos=2.2s dur=9.324s path=/home/patrick/tp7/Music/2026-05-05_134322_000.mp3
time=2026-05-09T14:26:20.294+02:00 level=DEBUG msg="rootModel: routing playback msg" active=0 type=main.playbackTickMsg
time=2026-05-09T14:26:20.294+02:00 level=DEBUG msg=playerState.onTick pos=2.2s dur=9.324s path=/home/patrick/tp7/Music/2026-05-05_134322_000.mp3
time=2026-05-09T14:26:20.394+02:00 level=DEBUG msg="rootModel: routing playback msg" active=0 type=main.playbackTickMsg
time=2026-05-09T14:26:20.394+02:00 level=DEBUG msg=playerState.onTick pos=2.2s dur=9.324s path=/home/patrick/tp7/Music/2026-05-05_134322_000.mp3
time=2026-05-09T14:26:20.495+02:00 level=DEBUG msg="rootModel: routing playback msg" active=0 type=main.playbackTickMsg
time=2026-05-09T14:26:20.495+02:00 level=DEBUG msg=playerState.onTick pos=2.2s dur=9.324s path=/home/patrick/tp7/Music/2026-05-05_134322_000.mp3
time=2026-05-09T14:26:20.596+02:00 level=DEBUG msg="rootModel: routing playback msg" active=0 type=main.playbackTickMsg
time=2026-05-09T14:26:20.596+02:00 level=DEBUG msg=playerState.onTick pos=2.2s dur=9.324s path=/home/patrick/tp7/Music/2026-05-05_134322_000.mp3
time=2026-05-09T14:26:20.696+02:00 level=DEBUG msg="rootModel: routing playback msg" active=0 type=main.playbackTickMsg
time=2026-05-09T14:26:20.696+02:00 level=DEBUG msg=playerState.onTick pos=2.2s dur=9.324s path=/home/patrick/tp7/Music/2026-05-05_134322_000.mp3
time=2026-05-09T14:26:20.797+02:00 level=DEBUG msg="rootModel: routing playback msg" active=0 type=main.playbackTickMsg
time=2026-05-09T14:26:20.797+02:00 level=DEBUG msg=playerState.onTick pos=2.2s dur=9.324s path=/home/patrick/tp7/Music/2026-05-05_134322_000.mp3
time=2026-05-09T14:26:20.898+02:00 level=DEBUG msg="rootModel: routing playback msg" active=0 type=main.playbackTickMsg
time=2026-05-09T14:26:20.898+02:00 level=DEBUG msg=playerState.onTick pos=2.2s dur=9.324s path=/home/patrick/tp7/Music/2026-05-05_134322_000.mp3
time=2026-05-09T14:26:20.999+02:00 level=DEBUG msg="rootModel: routing playback msg" active=0 type=main.playbackTickMsg
time=2026-05-09T14:26:20.999+02:00 level=DEBUG msg=playerState.onTick pos=2.2s dur=9.324s path=/home/patrick/tp7/Music/2026-05-05_134322_000.mp3
time=2026-05-09T14:26:21.099+02:00 level=DEBUG msg="rootModel: routing playback msg" active=0 type=main.playbackTickMsg
time=2026-05-09T14:26:21.099+02:00 level=DEBUG msg=playerState.onTick pos=2.2s dur=9.324s path=/home/patrick/tp7/Music/2026-05-05_134322_000.mp3
time=2026-05-09T14:26:21.199+02:00 level=DEBUG msg="rootModel: routing playback msg" active=0 type=main.playbackTickMsg
time=2026-05-09T14:26:21.199+02:00 level=DEBUG msg=playerState.onTick pos=2.2s dur=9.324s path=/home/patrick/tp7/Music/2026-05-05_134322_000.mp3
time=2026-05-09T14:26:21.300+02:00 level=DEBUG msg="rootModel: routing playback msg" active=0 type=main.playbackTickMsg
time=2026-05-09T14:26:21.300+02:00 level=DEBUG msg=playerState.onTick pos=2.2s dur=9.324s path=/home/patrick/tp7/Music/2026-05-05_134322_000.mp3
time=2026-05-09T14:26:21.366+02:00 level=DEBUG msg="importer: searching for device" err="USB device 2367:0019 not found in sysfs"
time=2026-05-09T14:26:21.400+02:00 level=DEBUG msg="rootModel: routing playback msg" active=0 type=main.playbackTickMsg
time=2026-05-09T14:26:21.401+02:00 level=DEBUG msg=playerState.onTick pos=2.2s dur=9.324s path=/home/patrick/tp7/Music/2026-05-05_134322_000.mp3
time=2026-05-09T14:26:21.501+02:00 level=DEBUG msg="rootModel: routing playback msg" active=0 type=main.playbackTickMsg
time=2026-05-09T14:26:21.501+02:00 level=DEBUG msg=playerState.onTick pos=2.2s dur=9.324s path=/home/patrick/tp7/Music/2026-05-05_134322_000.mp3
time=2026-05-09T14:26:21.602+02:00 level=DEBUG msg="rootModel: routing playback msg" active=0 type=main.playbackTickMsg
time=2026-05-09T14:26:21.602+02:00 level=DEBUG msg=playerState.onTick pos=2.2s dur=9.324s path=/home/patrick/tp7/Music/2026-05-05_134322_000.mp3
time=2026-05-09T14:26:21.703+02:00 level=DEBUG msg="rootModel: routing playback msg" active=0 type=main.playbackTickMsg
time=2026-05-09T14:26:21.703+02:00 level=DEBUG msg=playerState.onTick pos=2.2s dur=9.324s path=/home/patrick/tp7/Music/2026-05-05_134322_000.mp3
time=2026-05-09T14:26:21.804+02:00 level=DEBUG msg="rootModel: routing playback msg" active=0 type=main.playbackTickMsg
time=2026-05-09T14:26:21.804+02:00 level=DEBUG msg=playerState.onTick pos=2.2s dur=9.324s path=/home/patrick/tp7/Music/2026-05-05_134322_000.mp3
time=2026-05-09T14:26:21.904+02:00 level=DEBUG msg="rootModel: routing playback msg" active=0 type=main.playbackTickMsg
time=2026-05-09T14:26:21.904+02:00 level=DEBUG msg=playerState.onTick pos=2.2s dur=9.324s path=/home/patrick/tp7/Music/2026-05-05_134322_000.mp3
time=2026-05-09T14:26:22.004+02:00 level=DEBUG msg="rootModel: routing playback msg" active=0 type=main.playbackTickMsg
time=2026-05-09T14:26:22.005+02:00 level=DEBUG msg=playerState.onTick pos=2.2s dur=9.324s path=/home/patrick/tp7/Music/2026-05-05_134322_000.mp3
time=2026-05-09T14:26:22.105+02:00 level=DEBUG msg="rootModel: routing playback msg" active=0 type=main.playbackTickMsg
time=2026-05-09T14:26:22.106+02:00 level=DEBUG msg=playerState.onTick pos=2.2s dur=9.324s path=/home/patrick/tp7/Music/2026-05-05_134322_000.mp3
time=2026-05-09T14:26:22.207+02:00 level=DEBUG msg="rootModel: routing playback msg" active=0 type=main.playbackTickMsg
time=2026-05-09T14:26:22.207+02:00 level=DEBUG msg=playerState.onTick pos=2.2s dur=9.324s path=/home/patrick/tp7/Music/2026-05-05_134322_000.mp3
time=2026-05-09T14:26:22.307+02:00 level=DEBUG msg="rootModel: routing playback msg" active=0 type=main.playbackTickMsg
time=2026-05-09T14:26:22.307+02:00 level=DEBUG msg=playerState.onTick pos=2.2s dur=9.324s path=/home/patrick/tp7/Music/2026-05-05_134322_000.mp3
time=2026-05-09T14:26:22.408+02:00 level=DEBUG msg="rootModel: routing playback msg" active=0 type=main.playbackTickMsg
time=2026-05-09T14:26:22.408+02:00 level=DEBUG msg=playerState.onTick pos=2.2s dur=9.324s path=/home/patrick/tp7/Music/2026-05-05_134322_000.mp3
time=2026-05-09T14:26:22.509+02:00 level=DEBUG msg="rootModel: routing playback msg" active=0 type=main.playbackTickMsg
time=2026-05-09T14:26:22.509+02:00 level=DEBUG msg=playerState.onTick pos=2.2s dur=9.324s path=/home/patrick/tp7/Music/2026-05-05_134322_000.mp3
time=2026-05-09T14:26:22.610+02:00 level=DEBUG msg="rootModel: routing playback msg" active=0 type=main.playbackTickMsg
time=2026-05-09T14:26:22.610+02:00 level=DEBUG msg=playerState.onTick pos=2.2s dur=9.324s path=/home/patrick/tp7/Music/2026-05-05_134322_000.mp3
time=2026-05-09T14:26:22.711+02:00 level=DEBUG msg="rootModel: routing playback msg" active=0 type=main.playbackTickMsg
time=2026-05-09T14:26:22.711+02:00 level=DEBUG msg=playerState.onTick pos=2.2s dur=9.324s path=/home/patrick/tp7/Music/2026-05-05_134322_000.mp3
time=2026-05-09T14:26:22.812+02:00 level=DEBUG msg="rootModel: routing playback msg" active=0 type=main.playbackTickMsg
time=2026-05-09T14:26:22.812+02:00 level=DEBUG msg=playerState.onTick pos=2.2s dur=9.324s path=/home/patrick/tp7/Music/2026-05-05_134322_000.mp3
time=2026-05-09T14:26:22.912+02:00 level=DEBUG msg="rootModel: routing playback msg" active=0 type=main.playbackTickMsg
time=2026-05-09T14:26:22.912+02:00 level=DEBUG msg=playerState.onTick pos=2.2s dur=9.324s path=/home/patrick/tp7/Music/2026-05-05_134322_000.mp3
time=2026-05-09T14:26:23.013+02:00 level=DEBUG msg="rootModel: routing playback msg" active=0 type=main.playbackTickMsg
time=2026-05-09T14:26:23.013+02:00 level=DEBUG msg=playerState.onTick pos=2.2s dur=9.324s path=/home/patrick/tp7/Music/2026-05-05_134322_000.mp3
time=2026-05-09T14:26:23.114+02:00 level=DEBUG msg="rootModel: routing playback msg" active=0 type=main.playbackTickMsg
time=2026-05-09T14:26:23.114+02:00 level=DEBUG msg=playerState.onTick pos=2.2s dur=9.324s path=/home/patrick/tp7/Music/2026-05-05_134322_000.mp3
time=2026-05-09T14:26:23.215+02:00 level=DEBUG msg="rootModel: routing playback msg" active=0 type=main.playbackTickMsg
time=2026-05-09T14:26:23.215+02:00 level=DEBUG msg=playerState.onTick pos=2.2s dur=9.324s path=/home/patrick/tp7/Music/2026-05-05_134322_000.mp3
time=2026-05-09T14:26:23.316+02:00 level=DEBUG msg="rootModel: routing playback msg" active=0 type=main.playbackTickMsg
time=2026-05-09T14:26:23.316+02:00 level=DEBUG msg=playerState.onTick pos=2.2s dur=9.324s path=/home/patrick/tp7/Music/2026-05-05_134322_000.mp3
time=2026-05-09T14:26:23.417+02:00 level=DEBUG msg="rootModel: routing playback msg" active=0 type=main.playbackTickMsg
time=2026-05-09T14:26:23.417+02:00 level=DEBUG msg=playerState.onTick pos=2.2s dur=9.324s path=/home/patrick/tp7/Music/2026-05-05_134322_000.mp3
time=2026-05-09T14:26:23.518+02:00 level=DEBUG msg="rootModel: routing playback msg" active=0 type=main.playbackTickMsg
time=2026-05-09T14:26:23.518+02:00 level=DEBUG msg=playerState.onTick pos=2.2s dur=9.324s path=/home/patrick/tp7/Music/2026-05-05_134322_000.mp3
time=2026-05-09T14:26:23.618+02:00 level=DEBUG msg="rootModel: routing playback msg" active=0 type=main.playbackTickMsg
time=2026-05-09T14:26:23.618+02:00 level=DEBUG msg=playerState.onTick pos=2.2s dur=9.324s path=/home/patrick/tp7/Music/2026-05-05_134322_000.mp3
time=2026-05-09T14:26:23.719+02:00 level=DEBUG msg="rootModel: routing playback msg" active=0 type=main.playbackTickMsg
time=2026-05-09T14:26:23.719+02:00 level=DEBUG msg=playerState.onTick pos=2.2s dur=9.324s path=/home/patrick/tp7/Music/2026-05-05_134322_000.mp3
time=2026-05-09T14:26:23.821+02:00 level=DEBUG msg="rootModel: routing playback msg" active=0 type=main.playbackTickMsg
time=2026-05-09T14:26:23.821+02:00 level=DEBUG msg=playerState.onTick pos=2.2s dur=9.324s path=/home/patrick/tp7/Music/2026-05-05_134322_000.mp3
time=2026-05-09T14:26:23.921+02:00 level=DEBUG msg="rootModel: routing playback msg" active=0 type=main.playbackTickMsg
time=2026-05-09T14:26:23.921+02:00 level=DEBUG msg=playerState.onTick pos=2.2s dur=9.324s path=/home/patrick/tp7/Music/2026-05-05_134322_000.mp3
time=2026-05-09T14:26:24.022+02:00 level=DEBUG msg="rootModel: routing playback msg" active=0 type=main.playbackTickMsg
time=2026-05-09T14:26:24.022+02:00 level=DEBUG msg=playerState.onTick pos=2.2s dur=9.324s path=/home/patrick/tp7/Music/2026-05-05_134322_000.mp3
time=2026-05-09T14:26:24.123+02:00 level=DEBUG msg="rootModel: routing playback msg" active=0 type=main.playbackTickMsg
time=2026-05-09T14:26:24.123+02:00 level=DEBUG msg=playerState.onTick pos=2.2s dur=9.324s path=/home/patrick/tp7/Music/2026-05-05_134322_000.mp3
time=2026-05-09T14:26:24.224+02:00 level=DEBUG msg="rootModel: routing playback msg" active=0 type=main.playbackTickMsg
time=2026-05-09T14:26:24.224+02:00 level=DEBUG msg=playerState.onTick pos=2.2s dur=9.324s path=/home/patrick/tp7/Music/2026-05-05_134322_000.mp3
time=2026-05-09T14:26:24.324+02:00 level=DEBUG msg="rootModel: routing playback msg" active=0 type=main.playbackTickMsg
time=2026-05-09T14:26:24.324+02:00 level=DEBUG msg=playerState.onTick pos=2.2s dur=9.324s path=/home/patrick/tp7/Music/2026-05-05_134322_000.mp3
time=2026-05-09T14:26:24.425+02:00 level=DEBUG msg="rootModel: routing playback msg" active=0 type=main.playbackTickMsg
time=2026-05-09T14:26:24.425+02:00 level=DEBUG msg=playerState.onTick pos=2.2s dur=9.324s path=/home/patrick/tp7/Music/2026-05-05_134322_000.mp3
time=2026-05-09T14:26:24.526+02:00 level=DEBUG msg="rootModel: routing playback msg" active=0 type=main.playbackTickMsg
time=2026-05-09T14:26:24.526+02:00 level=DEBUG msg=playerState.onTick pos=2.2s dur=9.324s path=/home/patrick/tp7/Music/2026-05-05_134322_000.mp3
time=2026-05-09T14:26:24.626+02:00 level=DEBUG msg="rootModel: routing playback msg" active=0 type=main.playbackTickMsg
time=2026-05-09T14:26:24.627+02:00 level=DEBUG msg=playerState.onTick pos=2.2s dur=9.324s path=/home/patrick/tp7/Music/2026-05-05_134322_000.mp3
time=2026-05-09T14:26:24.727+02:00 level=DEBUG msg="rootModel: routing playback msg" active=0 type=main.playbackTickMsg
time=2026-05-09T14:26:24.727+02:00 level=DEBUG msg=playerState.onTick pos=2.2s dur=9.324s path=/home/patrick/tp7/Music/2026-05-05_134322_000.mp3
time=2026-05-09T14:26:24.828+02:00 level=DEBUG msg="rootModel: routing playback msg" active=0 type=main.playbackTickMsg
time=2026-05-09T14:26:24.828+02:00 level=DEBUG msg=playerState.onTick pos=2.2s dur=9.324s path=/home/patrick/tp7/Music/2026-05-05_134322_000.mp3
time=2026-05-09T14:26:24.929+02:00 level=DEBUG msg="rootModel: routing playback msg" active=0 type=main.playbackTickMsg
time=2026-05-09T14:26:24.929+02:00 level=DEBUG msg=playerState.onTick pos=2.2s dur=9.324s path=/home/patrick/tp7/Music/2026-05-05_134322_000.mp3
time=2026-05-09T14:26:25.029+02:00 level=DEBUG msg="rootModel: routing playback msg" active=0 type=main.playbackTickMsg
time=2026-05-09T14:26:25.029+02:00 level=DEBUG msg=playerState.onTick pos=2.2s dur=9.324s path=/home/patrick/tp7/Music/2026-05-05_134322_000.mp3
time=2026-05-09T14:26:25.131+02:00 level=DEBUG msg="rootModel: routing playback msg" active=0 type=main.playbackTickMsg
time=2026-05-09T14:26:25.131+02:00 level=DEBUG msg=playerState.onTick pos=2.2s dur=9.324s path=/home/patrick/tp7/Music/2026-05-05_134322_000.mp3
time=2026-05-09T14:26:25.232+02:00 level=DEBUG msg="rootModel: routing playback msg" active=0 type=main.playbackTickMsg
time=2026-05-09T14:26:25.232+02:00 level=DEBUG msg=playerState.onTick pos=2.2s dur=9.324s path=/home/patrick/tp7/Music/2026-05-05_134322_000.mp3
time=2026-05-09T14:26:25.333+02:00 level=DEBUG msg="rootModel: routing playback msg" active=0 type=main.playbackTickMsg
time=2026-05-09T14:26:25.333+02:00 level=DEBUG msg=playerState.onTick pos=2.2s dur=9.324s path=/home/patrick/tp7/Music/2026-05-05_134322_000.mp3
time=2026-05-09T14:26:25.434+02:00 level=DEBUG msg="rootModel: routing playback msg" active=0 type=main.playbackTickMsg
time=2026-05-09T14:26:25.434+02:00 level=DEBUG msg=playerState.onTick pos=2.2s dur=9.324s path=/home/patrick/tp7/Music/2026-05-05_134322_000.mp3
time=2026-05-09T14:26:25.535+02:00 level=DEBUG msg="rootModel: routing playback msg" active=0 type=main.playbackTickMsg
time=2026-05-09T14:26:25.535+02:00 level=DEBUG msg=playerState.onTick pos=2.2s dur=9.324s path=/home/patrick/tp7/Music/2026-05-05_134322_000.mp3
time=2026-05-09T14:26:25.635+02:00 level=DEBUG msg="rootModel: routing playback msg" active=0 type=main.playbackTickMsg
time=2026-05-09T14:26:25.636+02:00 level=DEBUG msg=playerState.onTick pos=2.2s dur=9.324s path=/home/patrick/tp7/Music/2026-05-05_134322_000.mp3
time=2026-05-09T14:26:25.736+02:00 level=DEBUG msg="rootModel: routing playback msg" active=0 type=main.playbackTickMsg
time=2026-05-09T14:26:25.736+02:00 level=DEBUG msg=playerState.onTick pos=2.2s dur=9.324s path=/home/patrick/tp7/Music/2026-05-05_134322_000.mp3
time=2026-05-09T14:26:25.836+02:00 level=DEBUG msg="rootModel: routing playback msg" active=0 type=main.playbackTickMsg
time=2026-05-09T14:26:25.836+02:00 level=DEBUG msg=playerState.onTick pos=2.2s dur=9.324s path=/home/patrick/tp7/Music/2026-05-05_134322_000.mp3
time=2026-05-09T14:26:25.937+02:00 level=DEBUG msg="rootModel: routing playback msg" active=0 type=main.playbackTickMsg
time=2026-05-09T14:26:25.937+02:00 level=DEBUG msg=playerState.onTick pos=2.2s dur=9.324s path=/home/patrick/tp7/Music/2026-05-05_134322_000.mp3
time=2026-05-09T14:26:26.038+02:00 level=DEBUG msg="rootModel: routing playback msg" active=0 type=main.playbackTickMsg
time=2026-05-09T14:26:26.038+02:00 level=DEBUG msg=playerState.onTick pos=2.2s dur=9.324s path=/home/patrick/tp7/Music/2026-05-05_134322_000.mp3
time=2026-05-09T14:26:26.139+02:00 level=DEBUG msg="rootModel: routing playback msg" active=0 type=main.playbackTickMsg
time=2026-05-09T14:26:26.139+02:00 level=DEBUG msg=playerState.onTick pos=2.2s dur=9.324s path=/home/patrick/tp7/Music/2026-05-05_134322_000.mp3
time=2026-05-09T14:26:26.240+02:00 level=DEBUG msg="rootModel: routing playback msg" active=0 type=main.playbackTickMsg
time=2026-05-09T14:26:26.240+02:00 level=DEBUG msg=playerState.onTick pos=2.2s dur=9.324s path=/home/patrick/tp7/Music/2026-05-05_134322_000.mp3
time=2026-05-09T14:26:26.341+02:00 level=DEBUG msg="rootModel: routing playback msg" active=0 type=main.playbackTickMsg
time=2026-05-09T14:26:26.341+02:00 level=DEBUG msg=playerState.onTick pos=2.2s dur=9.324s path=/home/patrick/tp7/Music/2026-05-05_134322_000.mp3
time=2026-05-09T14:26:26.366+02:00 level=DEBUG msg="importer: searching for device" err="USB device 2367:0019 not found in sysfs"
time=2026-05-09T14:26:26.441+02:00 level=DEBUG msg="rootModel: routing playback msg" active=0 type=main.playbackTickMsg
time=2026-05-09T14:26:26.441+02:00 level=DEBUG msg=playerState.onTick pos=2.2s dur=9.324s path=/home/patrick/tp7/Music/2026-05-05_134322_000.mp3
time=2026-05-09T14:26:26.541+02:00 level=DEBUG msg="rootModel: routing playback msg" active=0 type=main.playbackTickMsg
time=2026-05-09T14:26:26.541+02:00 level=DEBUG msg=playerState.onTick pos=2.2s dur=9.324s path=/home/patrick/tp7/Music/2026-05-05_134322_000.mp3
time=2026-05-09T14:26:26.642+02:00 level=DEBUG msg="rootModel: routing playback msg" active=0 type=main.playbackTickMsg
time=2026-05-09T14:26:26.642+02:00 level=DEBUG msg=playerState.onTick pos=2.2s dur=9.324s path=/home/patrick/tp7/Music/2026-05-05_134322_000.mp3
time=2026-05-09T14:26:26.743+02:00 level=DEBUG msg="rootModel: routing playback msg" active=0 type=main.playbackTickMsg
time=2026-05-09T14:26:26.743+02:00 level=DEBUG msg=playerState.onTick pos=2.2s dur=9.324s path=/home/patrick/tp7/Music/2026-05-05_134322_000.mp3
time=2026-05-09T14:26:26.844+02:00 level=DEBUG msg="rootModel: routing playback msg" active=0 type=main.playbackTickMsg
time=2026-05-09T14:26:26.844+02:00 level=DEBUG msg=playerState.onTick pos=2.2s dur=9.324s path=/home/patrick/tp7/Music/2026-05-05_134322_000.mp3
time=2026-05-09T14:26:26.945+02:00 level=DEBUG msg="rootModel: routing playback msg" active=0 type=main.playbackTickMsg
time=2026-05-09T14:26:26.945+02:00 level=DEBUG msg=playerState.onTick pos=2.2s dur=9.324s path=/home/patrick/tp7/Music/2026-05-05_134322_000.mp3
time=2026-05-09T14:26:27.046+02:00 level=DEBUG msg="rootModel: routing playback msg" active=0 type=main.playbackTickMsg
time=2026-05-09T14:26:27.046+02:00 level=DEBUG msg=playerState.onTick pos=2.2s dur=9.324s path=/home/patrick/tp7/Music/2026-05-05_134322_000.mp3
time=2026-05-09T14:26:27.147+02:00 level=DEBUG msg="rootModel: routing playback msg" active=0 type=main.playbackTickMsg
time=2026-05-09T14:26:27.147+02:00 level=DEBUG msg=playerState.onTick pos=2.2s dur=9.324s path=/home/patrick/tp7/Music/2026-05-05_134322_000.mp3
time=2026-05-09T14:26:27.248+02:00 level=DEBUG msg="rootModel: routing playback msg" active=0 type=main.playbackTickMsg
time=2026-05-09T14:26:27.248+02:00 level=DEBUG msg=playerState.onTick pos=2.2s dur=9.324s path=/home/patrick/tp7/Music/2026-05-05_134322_000.mp3
time=2026-05-09T14:26:27.348+02:00 level=DEBUG msg="rootModel: routing playback msg" active=0 type=main.playbackTickMsg
time=2026-05-09T14:26:27.348+02:00 level=DEBUG msg=playerState.onTick pos=2.2s dur=9.324s path=/home/patrick/tp7/Music/2026-05-05_134322_000.mp3
time=2026-05-09T14:26:27.449+02:00 level=DEBUG msg="rootModel: routing playback msg" active=0 type=main.playbackTickMsg
time=2026-05-09T14:26:27.449+02:00 level=DEBUG msg=playerState.onTick pos=2.2s dur=9.324s path=/home/patrick/tp7/Music/2026-05-05_134322_000.mp3
time=2026-05-09T14:26:27.550+02:00 level=DEBUG msg="rootModel: routing playback msg" active=0 type=main.playbackTickMsg
time=2026-05-09T14:26:27.550+02:00 level=DEBUG msg=playerState.onTick pos=2.2s dur=9.324s path=/home/patrick/tp7/Music/2026-05-05_134322_000.mp3
time=2026-05-09T14:26:27.650+02:00 level=DEBUG msg="rootModel: routing playback msg" active=0 type=main.playbackTickMsg
time=2026-05-09T14:26:27.650+02:00 level=DEBUG msg=playerState.onTick pos=2.2s dur=9.324s path=/home/patrick/tp7/Music/2026-05-05_134322_000.mp3
time=2026-05-09T14:26:27.750+02:00 level=DEBUG msg="rootModel: routing playback msg" active=0 type=main.playbackTickMsg
time=2026-05-09T14:26:27.750+02:00 level=DEBUG msg=playerState.onTick pos=2.2s dur=9.324s path=/home/patrick/tp7/Music/2026-05-05_134322_000.mp3
time=2026-05-09T14:26:27.851+02:00 level=DEBUG msg="rootModel: routing playback msg" active=0 type=main.playbackTickMsg
time=2026-05-09T14:26:27.851+02:00 level=DEBUG msg=playerState.onTick pos=2.2s dur=9.324s path=/home/patrick/tp7/Music/2026-05-05_134322_000.mp3
time=2026-05-09T14:26:27.952+02:00 level=DEBUG msg="rootModel: routing playback msg" active=0 type=main.playbackTickMsg
time=2026-05-09T14:26:27.952+02:00 level=DEBUG msg=playerState.onTick pos=2.2s dur=9.324s path=/home/patrick/tp7/Music/2026-05-05_134322_000.mp3
time=2026-05-09T14:26:28.053+02:00 level=DEBUG msg="rootModel: routing playback msg" active=0 type=main.playbackTickMsg
time=2026-05-09T14:26:28.053+02:00 level=DEBUG msg=playerState.onTick pos=2.2s dur=9.324s path=/home/patrick/tp7/Music/2026-05-05_134322_000.mp3
time=2026-05-09T14:26:28.154+02:00 level=DEBUG msg="rootModel: routing playback msg" active=0 type=main.playbackTickMsg
time=2026-05-09T14:26:28.154+02:00 level=DEBUG msg=playerState.onTick pos=2.2s dur=9.324s path=/home/patrick/tp7/Music/2026-05-05_134322_000.mp3
time=2026-05-09T14:26:28.254+02:00 level=DEBUG msg="rootModel: routing playback msg" active=0 type=main.playbackTickMsg
time=2026-05-09T14:26:28.255+02:00 level=DEBUG msg=playerState.onTick pos=2.2s dur=9.324s path=/home/patrick/tp7/Music/2026-05-05_134322_000.mp3
time=2026-05-09T14:26:28.355+02:00 level=DEBUG msg="rootModel: routing playback msg" active=0 type=main.playbackTickMsg
time=2026-05-09T14:26:28.356+02:00 level=DEBUG msg=playerState.onTick pos=2.2s dur=9.324s path=/home/patrick/tp7/Music/2026-05-05_134322_000.mp3
time=2026-05-09T14:26:28.456+02:00 level=DEBUG msg="rootModel: routing playback msg" active=0 type=main.playbackTickMsg
time=2026-05-09T14:26:28.456+02:00 level=DEBUG msg=playerState.onTick pos=2.2s dur=9.324s path=/home/patrick/tp7/Music/2026-05-05_134322_000.mp3
time=2026-05-09T14:26:28.557+02:00 level=DEBUG msg="rootModel: routing playback msg" active=0 type=main.playbackTickMsg
time=2026-05-09T14:26:28.557+02:00 level=DEBUG msg=playerState.onTick pos=2.2s dur=9.324s path=/home/patrick/tp7/Music/2026-05-05_134322_000.mp3
time=2026-05-09T14:26:28.657+02:00 level=DEBUG msg="rootModel: routing playback msg" active=0 type=main.playbackTickMsg
time=2026-05-09T14:26:28.657+02:00 level=DEBUG msg=playerState.onTick pos=2.2s dur=9.324s path=/home/patrick/tp7/Music/2026-05-05_134322_000.mp3
time=2026-05-09T14:26:28.758+02:00 level=DEBUG msg="rootModel: routing playback msg" active=0 type=main.playbackTickMsg
time=2026-05-09T14:26:28.758+02:00 level=DEBUG msg=playerState.onTick pos=2.2s dur=9.324s path=/home/patrick/tp7/Music/2026-05-05_134322_000.mp3
time=2026-05-09T14:26:28.859+02:00 level=DEBUG msg="rootModel: routing playback msg" active=0 type=main.playbackTickMsg
time=2026-05-09T14:26:28.859+02:00 level=DEBUG msg=playerState.onTick pos=2.2s dur=9.324s path=/home/patrick/tp7/Music/2026-05-05_134322_000.mp3
time=2026-05-09T14:26:28.959+02:00 level=DEBUG msg="rootModel: routing playback msg" active=0 type=main.playbackTickMsg
time=2026-05-09T14:26:28.959+02:00 level=DEBUG msg=playerState.onTick pos=2.2s dur=9.324s path=/home/patrick/tp7/Music/2026-05-05_134322_000.mp3
time=2026-05-09T14:26:29.060+02:00 level=DEBUG msg="rootModel: routing playback msg" active=0 type=main.playbackTickMsg
time=2026-05-09T14:26:29.060+02:00 level=DEBUG msg=playerState.onTick pos=2.2s dur=9.324s path=/home/patrick/tp7/Music/2026-05-05_134322_000.mp3
time=2026-05-09T14:26:29.161+02:00 level=DEBUG msg="rootModel: routing playback msg" active=0 type=main.playbackTickMsg
time=2026-05-09T14:26:29.161+02:00 level=DEBUG msg=playerState.onTick pos=2.2s dur=9.324s path=/home/patrick/tp7/Music/2026-05-05_134322_000.mp3
time=2026-05-09T14:26:29.261+02:00 level=DEBUG msg="rootModel: routing playback msg" active=0 type=main.playbackTickMsg
time=2026-05-09T14:26:29.261+02:00 level=DEBUG msg=playerState.onTick pos=2.2s dur=9.324s path=/home/patrick/tp7/Music/2026-05-05_134322_000.mp3
time=2026-05-09T14:26:29.362+02:00 level=DEBUG msg="rootModel: routing playback msg" active=0 type=main.playbackTickMsg
time=2026-05-09T14:26:29.362+02:00 level=DEBUG msg=playerState.onTick pos=2.2s dur=9.324s path=/home/patrick/tp7/Music/2026-05-05_134322_000.mp3
time=2026-05-09T14:26:29.462+02:00 level=DEBUG msg="rootModel: routing playback msg" active=0 type=main.playbackTickMsg
time=2026-05-09T14:26:29.462+02:00 level=DEBUG msg=playerState.onTick pos=2.2s dur=9.324s path=/home/patrick/tp7/Music/2026-05-05_134322_000.mp3
time=2026-05-09T14:26:29.563+02:00 level=DEBUG msg="rootModel: routing playback msg" active=0 type=main.playbackTickMsg
time=2026-05-09T14:26:29.563+02:00 level=DEBUG msg=playerState.onTick pos=2.2s dur=9.324s path=/home/patrick/tp7/Music/2026-05-05_134322_000.mp3
time=2026-05-09T14:26:29.664+02:00 level=DEBUG msg="rootModel: routing playback msg" active=0 type=main.playbackTickMsg
time=2026-05-09T14:26:29.664+02:00 level=DEBUG msg=playerState.onTick pos=2.2s dur=9.324s path=/home/patrick/tp7/Music/2026-05-05_134322_000.mp3
time=2026-05-09T14:26:29.765+02:00 level=DEBUG msg="rootModel: routing playback msg" active=0 type=main.playbackTickMsg
time=2026-05-09T14:26:29.765+02:00 level=DEBUG msg=playerState.onTick pos=2.2s dur=9.324s path=/home/patrick/tp7/Music/2026-05-05_134322_000.mp3
time=2026-05-09T14:26:29.865+02:00 level=DEBUG msg="rootModel: routing playback msg" active=0 type=main.playbackTickMsg
time=2026-05-09T14:26:29.865+02:00 level=DEBUG msg=playerState.onTick pos=2.2s dur=9.324s path=/home/patrick/tp7/Music/2026-05-05_134322_000.mp3
time=2026-05-09T14:26:29.966+02:00 level=DEBUG msg="rootModel: routing playback msg" active=0 type=main.playbackTickMsg
time=2026-05-09T14:26:29.966+02:00 level=DEBUG msg=playerState.onTick pos=2.2s dur=9.324s path=/home/patrick/tp7/Music/2026-05-05_134322_000.mp3
time=2026-05-09T14:26:30.066+02:00 level=DEBUG msg="rootModel: routing playback msg" active=0 type=main.playbackTickMsg
time=2026-05-09T14:26:30.066+02:00 level=DEBUG msg=playerState.onTick pos=2.2s dur=9.324s path=/home/patrick/tp7/Music/2026-05-05_134322_000.mp3
time=2026-05-09T14:26:30.167+02:00 level=DEBUG msg="rootModel: routing playback msg" active=0 type=main.playbackTickMsg
time=2026-05-09T14:26:30.167+02:00 level=DEBUG msg=playerState.onTick pos=2.2s dur=9.324s path=/home/patrick/tp7/Music/2026-05-05_134322_000.mp3
time=2026-05-09T14:26:30.268+02:00 level=DEBUG msg="rootModel: routing playback msg" active=0 type=main.playbackTickMsg
time=2026-05-09T14:26:30.268+02:00 level=DEBUG msg=playerState.onTick pos=2.2s dur=9.324s path=/home/patrick/tp7/Music/2026-05-05_134322_000.mp3
time=2026-05-09T14:26:30.369+02:00 level=DEBUG msg="rootModel: routing playback msg" active=0 type=main.playbackTickMsg
time=2026-05-09T14:26:30.369+02:00 level=DEBUG msg=playerState.onTick pos=2.2s dur=9.324s path=/home/patrick/tp7/Music/2026-05-05_134322_000.mp3
time=2026-05-09T14:26:30.470+02:00 level=DEBUG msg="rootModel: routing playback msg" active=0 type=main.playbackTickMsg
time=2026-05-09T14:26:30.470+02:00 level=DEBUG msg=playerState.onTick pos=2.2s dur=9.324s path=/home/patrick/tp7/Music/2026-05-05_134322_000.mp3
time=2026-05-09T14:26:30.570+02:00 level=DEBUG msg="rootModel: routing playback msg" active=0 type=main.playbackTickMsg
time=2026-05-09T14:26:30.570+02:00 level=DEBUG msg=playerState.onTick pos=2.2s dur=9.324s path=/home/patrick/tp7/Music/2026-05-05_134322_000.mp3
time=2026-05-09T14:26:30.671+02:00 level=DEBUG msg="rootModel: routing playback msg" active=0 type=main.playbackTickMsg
time=2026-05-09T14:26:30.671+02:00 level=DEBUG msg=playerState.onTick pos=2.2s dur=9.324s path=/home/patrick/tp7/Music/2026-05-05_134322_000.mp3
time=2026-05-09T14:26:30.772+02:00 level=DEBUG msg="rootModel: routing playback msg" active=0 type=main.playbackTickMsg
time=2026-05-09T14:26:30.772+02:00 level=DEBUG msg=playerState.onTick pos=2.2s dur=9.324s path=/home/patrick/tp7/Music/2026-05-05_134322_000.mp3
time=2026-05-09T14:26:30.873+02:00 level=DEBUG msg="rootModel: routing playback msg" active=0 type=main.playbackTickMsg
time=2026-05-09T14:26:30.873+02:00 level=DEBUG msg=playerState.onTick pos=2.2s dur=9.324s path=/home/patrick/tp7/Music/2026-05-05_134322_000.mp3
time=2026-05-09T14:26:30.974+02:00 level=DEBUG msg="rootModel: routing playback msg" active=0 type=main.playbackTickMsg
time=2026-05-09T14:26:30.974+02:00 level=DEBUG msg=playerState.onTick pos=2.2s dur=9.324s path=/home/patrick/tp7/Music/2026-05-05_134322_000.mp3
time=2026-05-09T14:26:31.074+02:00 level=DEBUG msg="rootModel: routing playback msg" active=0 type=main.playbackTickMsg
time=2026-05-09T14:26:31.074+02:00 level=DEBUG msg=playerState.onTick pos=2.2s dur=9.324s path=/home/patrick/tp7/Music/2026-05-05_134322_000.mp3
time=2026-05-09T14:26:31.175+02:00 level=DEBUG msg="rootModel: routing playback msg" active=0 type=main.playbackTickMsg
time=2026-05-09T14:26:31.175+02:00 level=DEBUG msg=playerState.onTick pos=2.2s dur=9.324s path=/home/patrick/tp7/Music/2026-05-05_134322_000.mp3
time=2026-05-09T14:26:31.276+02:00 level=DEBUG msg="rootModel: routing playback msg" active=0 type=main.playbackTickMsg
time=2026-05-09T14:26:31.276+02:00 level=DEBUG msg=playerState.onTick pos=2.2s dur=9.324s path=/home/patrick/tp7/Music/2026-05-05_134322_000.mp3
time=2026-05-09T14:26:31.366+02:00 level=DEBUG msg="importer: searching for device" err="USB device 2367:0019 not found in sysfs"
time=2026-05-09T14:26:31.377+02:00 level=DEBUG msg="rootModel: routing playback msg" active=0 type=main.playbackTickMsg
time=2026-05-09T14:26:31.377+02:00 level=DEBUG msg=playerState.onTick pos=2.2s dur=9.324s path=/home/patrick/tp7/Music/2026-05-05_134322_000.mp3
time=2026-05-09T14:26:31.478+02:00 level=DEBUG msg="rootModel: routing playback msg" active=0 type=main.playbackTickMsg
time=2026-05-09T14:26:31.478+02:00 level=DEBUG msg=playerState.onTick pos=2.2s dur=9.324s path=/home/patrick/tp7/Music/2026-05-05_134322_000.mp3
time=2026-05-09T14:26:31.578+02:00 level=DEBUG msg="rootModel: routing playback msg" active=0 type=main.playbackTickMsg
time=2026-05-09T14:26:31.578+02:00 level=DEBUG msg=playerState.onTick pos=2.2s dur=9.324s path=/home/patrick/tp7/Music/2026-05-05_134322_000.mp3
time=2026-05-09T14:26:31.679+02:00 level=DEBUG msg="rootModel: routing playback msg" active=0 type=main.playbackTickMsg
time=2026-05-09T14:26:31.679+02:00 level=DEBUG msg=playerState.onTick pos=2.2s dur=9.324s path=/home/patrick/tp7/Music/2026-05-05_134322_000.mp3
time=2026-05-09T14:26:31.781+02:00 level=DEBUG msg="rootModel: routing playback msg" active=0 type=main.playbackTickMsg
time=2026-05-09T14:26:31.781+02:00 level=DEBUG msg=playerState.onTick pos=2.2s dur=9.324s path=/home/patrick/tp7/Music/2026-05-05_134322_000.mp3
time=2026-05-09T14:26:31.881+02:00 level=DEBUG msg="rootModel: routing playback msg" active=0 type=main.playbackTickMsg
time=2026-05-09T14:26:31.881+02:00 level=DEBUG msg=playerState.onTick pos=2.2s dur=9.324s path=/home/patrick/tp7/Music/2026-05-05_134322_000.mp3
time=2026-05-09T14:26:31.982+02:00 level=DEBUG msg="rootModel: routing playback msg" active=0 type=main.playbackTickMsg
time=2026-05-09T14:26:31.982+02:00 level=DEBUG msg=playerState.onTick pos=2.2s dur=9.324s path=/home/patrick/tp7/Music/2026-05-05_134322_000.mp3
time=2026-05-09T14:26:32.082+02:00 level=DEBUG msg="rootModel: routing playback msg" active=0 type=main.playbackTickMsg
time=2026-05-09T14:26:32.082+02:00 level=DEBUG msg=playerState.onTick pos=2.2s dur=9.324s path=/home/patrick/tp7/Music/2026-05-05_134322_000.mp3
time=2026-05-09T14:26:32.183+02:00 level=DEBUG msg="rootModel: routing playback msg" active=0 type=main.playbackTickMsg
time=2026-05-09T14:26:32.183+02:00 level=DEBUG msg=playerState.onTick pos=2.2s dur=9.324s path=/home/patrick/tp7/Music/2026-05-05_134322_000.mp3
time=2026-05-09T14:26:32.283+02:00 level=DEBUG msg="rootModel: routing playback msg" active=0 type=main.playbackTickMsg
time=2026-05-09T14:26:32.283+02:00 level=DEBUG msg=playerState.onTick pos=2.2s dur=9.324s path=/home/patrick/tp7/Music/2026-05-05_134322_000.mp3
time=2026-05-09T14:26:32.384+02:00 level=DEBUG msg="rootModel: routing playback msg" active=0 type=main.playbackTickMsg
time=2026-05-09T14:26:32.384+02:00 level=DEBUG msg=playerState.onTick pos=2.2s dur=9.324s path=/home/patrick/tp7/Music/2026-05-05_134322_000.mp3
time=2026-05-09T14:26:32.485+02:00 level=DEBUG msg="rootModel: routing playback msg" active=0 type=main.playbackTickMsg
time=2026-05-09T14:26:32.485+02:00 level=DEBUG msg=playerState.onTick pos=2.2s dur=9.324s path=/home/patrick/tp7/Music/2026-05-05_134322_000.mp3
time=2026-05-09T14:26:32.586+02:00 level=DEBUG msg="rootModel: routing playback msg" active=0 type=main.playbackTickMsg
time=2026-05-09T14:26:32.586+02:00 level=DEBUG msg=playerState.onTick pos=2.2s dur=9.324s path=/home/patrick/tp7/Music/2026-05-05_134322_000.mp3
time=2026-05-09T14:26:32.686+02:00 level=DEBUG msg="rootModel: routing playback msg" active=0 type=main.playbackTickMsg
time=2026-05-09T14:26:32.686+02:00 level=DEBUG msg=playerState.onTick pos=2.2s dur=9.324s path=/home/patrick/tp7/Music/2026-05-05_134322_000.mp3
time=2026-05-09T14:26:32.787+02:00 level=DEBUG msg="rootModel: routing playback msg" active=0 type=main.playbackTickMsg
time=2026-05-09T14:26:32.787+02:00 level=DEBUG msg=playerState.onTick pos=2.2s dur=9.324s path=/home/patrick/tp7/Music/2026-05-05_134322_000.mp3
time=2026-05-09T14:26:32.888+02:00 level=DEBUG msg="rootModel: routing playback msg" active=0 type=main.playbackTickMsg
time=2026-05-09T14:26:32.888+02:00 level=DEBUG msg=playerState.onTick pos=2.2s dur=9.324s path=/home/patrick/tp7/Music/2026-05-05_134322_000.mp3
time=2026-05-09T14:26:32.988+02:00 level=DEBUG msg="rootModel: routing playback msg" active=0 type=main.playbackTickMsg
time=2026-05-09T14:26:32.989+02:00 level=DEBUG msg=playerState.onTick pos=2.2s dur=9.324s path=/home/patrick/tp7/Music/2026-05-05_134322_000.mp3
time=2026-05-09T14:26:33.089+02:00 level=DEBUG msg="rootModel: routing playback msg" active=0 type=main.playbackTickMsg
time=2026-05-09T14:26:33.089+02:00 level=DEBUG msg=playerState.onTick pos=2.2s dur=9.324s path=/home/patrick/tp7/Music/2026-05-05_134322_000.mp3
time=2026-05-09T14:26:33.190+02:00 level=DEBUG msg="rootModel: routing playback msg" active=0 type=main.playbackTickMsg
time=2026-05-09T14:26:33.190+02:00 level=DEBUG msg=playerState.onTick pos=2.2s dur=9.324s path=/home/patrick/tp7/Music/2026-05-05_134322_000.mp3
time=2026-05-09T14:26:33.290+02:00 level=DEBUG msg="rootModel: routing playback msg" active=0 type=main.playbackTickMsg
time=2026-05-09T14:26:33.290+02:00 level=DEBUG msg=playerState.onTick pos=2.2s dur=9.324s path=/home/patrick/tp7/Music/2026-05-05_134322_000.mp3
time=2026-05-09T14:26:33.391+02:00 level=DEBUG msg="rootModel: routing playback msg" active=0 type=main.playbackTickMsg
time=2026-05-09T14:26:33.391+02:00 level=DEBUG msg=playerState.onTick pos=2.2s dur=9.324s path=/home/patrick/tp7/Music/2026-05-05_134322_000.mp3
time=2026-05-09T14:26:33.492+02:00 level=DEBUG msg="rootModel: routing playback msg" active=0 type=main.playbackTickMsg
time=2026-05-09T14:26:33.492+02:00 level=DEBUG msg=playerState.onTick pos=2.2s dur=9.324s path=/home/patrick/tp7/Music/2026-05-05_134322_000.mp3
time=2026-05-09T14:26:33.593+02:00 level=DEBUG msg="rootModel: routing playback msg" active=0 type=main.playbackTickMsg
time=2026-05-09T14:26:33.593+02:00 level=DEBUG msg=playerState.onTick pos=2.2s dur=9.324s path=/home/patrick/tp7/Music/2026-05-05_134322_000.mp3
time=2026-05-09T14:26:33.693+02:00 level=DEBUG msg="rootModel: routing playback msg" active=0 type=main.playbackTickMsg
time=2026-05-09T14:26:33.694+02:00 level=DEBUG msg=playerState.onTick pos=2.2s dur=9.324s path=/home/patrick/tp7/Music/2026-05-05_134322_000.mp3
time=2026-05-09T14:26:33.794+02:00 level=DEBUG msg="rootModel: routing playback msg" active=0 type=main.playbackTickMsg
time=2026-05-09T14:26:33.794+02:00 level=DEBUG msg=playerState.onTick pos=2.2s dur=9.324s path=/home/patrick/tp7/Music/2026-05-05_134322_000.mp3
time=2026-05-09T14:26:33.895+02:00 level=DEBUG msg="rootModel: routing playback msg" active=0 type=main.playbackTickMsg
time=2026-05-09T14:26:33.895+02:00 level=DEBUG msg=playerState.onTick pos=2.2s dur=9.324s path=/home/patrick/tp7/Music/2026-05-05_134322_000.mp3
time=2026-05-09T14:26:33.995+02:00 level=DEBUG msg="rootModel: routing playback msg" active=0 type=main.playbackTickMsg
time=2026-05-09T14:26:33.996+02:00 level=DEBUG msg=playerState.onTick pos=2.2s dur=9.324s path=/home/patrick/tp7/Music/2026-05-05_134322_000.mp3
time=2026-05-09T14:26:34.096+02:00 level=DEBUG msg="rootModel: routing playback msg" active=0 type=main.playbackTickMsg
time=2026-05-09T14:26:34.096+02:00 level=DEBUG msg=playerState.onTick pos=2.2s dur=9.324s path=/home/patrick/tp7/Music/2026-05-05_134322_000.mp3
time=2026-05-09T14:26:34.197+02:00 level=DEBUG msg="rootModel: routing playback msg" active=0 type=main.playbackTickMsg
time=2026-05-09T14:26:34.197+02:00 level=DEBUG msg=playerState.onTick pos=2.2s dur=9.324s path=/home/patrick/tp7/Music/2026-05-05_134322_000.mp3
time=2026-05-09T14:26:34.298+02:00 level=DEBUG msg="rootModel: routing playback msg" active=0 type=main.playbackTickMsg
time=2026-05-09T14:26:34.298+02:00 level=DEBUG msg=playerState.onTick pos=2.2s dur=9.324s path=/home/patrick/tp7/Music/2026-05-05_134322_000.mp3
time=2026-05-09T14:26:34.399+02:00 level=DEBUG msg="rootModel: routing playback msg" active=0 type=main.playbackTickMsg
time=2026-05-09T14:26:34.399+02:00 level=DEBUG msg=playerState.onTick pos=2.2s dur=9.324s path=/home/patrick/tp7/Music/2026-05-05_134322_000.mp3
time=2026-05-09T14:26:34.499+02:00 level=DEBUG msg="rootModel: routing playback msg" active=0 type=main.playbackTickMsg
time=2026-05-09T14:26:34.499+02:00 level=DEBUG msg=playerState.onTick pos=2.2s dur=9.324s path=/home/patrick/tp7/Music/2026-05-05_134322_000.mp3
time=2026-05-09T14:26:34.600+02:00 level=DEBUG msg="rootModel: routing playback msg" active=0 type=main.playbackTickMsg
time=2026-05-09T14:26:34.600+02:00 level=DEBUG msg=playerState.onTick pos=2.2s dur=9.324s path=/home/patrick/tp7/Music/2026-05-05_134322_000.mp3
time=2026-05-09T14:26:34.700+02:00 level=DEBUG msg="rootModel: routing playback msg" active=0 type=main.playbackTickMsg
time=2026-05-09T14:26:34.701+02:00 level=DEBUG msg=playerState.onTick pos=2.2s dur=9.324s path=/home/patrick/tp7/Music/2026-05-05_134322_000.mp3
time=2026-05-09T14:26:34.801+02:00 level=DEBUG msg="rootModel: routing playback msg" active=0 type=main.playbackTickMsg
time=2026-05-09T14:26:34.801+02:00 level=DEBUG msg=playerState.onTick pos=2.2s dur=9.324s path=/home/patrick/tp7/Music/2026-05-05_134322_000.mp3
time=2026-05-09T14:26:34.902+02:00 level=DEBUG msg="rootModel: routing playback msg" active=0 type=main.playbackTickMsg
time=2026-05-09T14:26:34.902+02:00 level=DEBUG msg=playerState.onTick pos=2.2s dur=9.324s path=/home/patrick/tp7/Music/2026-05-05_134322_000.mp3
time=2026-05-09T14:26:35.002+02:00 level=DEBUG msg="rootModel: routing playback msg" active=0 type=main.playbackTickMsg
time=2026-05-09T14:26:35.002+02:00 level=DEBUG msg=playerState.onTick pos=2.2s dur=9.324s path=/home/patrick/tp7/Music/2026-05-05_134322_000.mp3
time=2026-05-09T14:26:35.102+02:00 level=DEBUG msg="rootModel: routing playback msg" active=0 type=main.playbackTickMsg
time=2026-05-09T14:26:35.102+02:00 level=DEBUG msg=playerState.onTick pos=2.2s dur=9.324s path=/home/patrick/tp7/Music/2026-05-05_134322_000.mp3
time=2026-05-09T14:26:35.203+02:00 level=DEBUG msg="rootModel: routing playback msg" active=0 type=main.playbackTickMsg
time=2026-05-09T14:26:35.203+02:00 level=DEBUG msg=playerState.onTick pos=2.2s dur=9.324s path=/home/patrick/tp7/Music/2026-05-05_134322_000.mp3
time=2026-05-09T14:26:35.304+02:00 level=DEBUG msg="rootModel: routing playback msg" active=0 type=main.playbackTickMsg
time=2026-05-09T14:26:35.304+02:00 level=DEBUG msg=playerState.onTick pos=2.2s dur=9.324s path=/home/patrick/tp7/Music/2026-05-05_134322_000.mp3
time=2026-05-09T14:26:35.405+02:00 level=DEBUG msg="rootModel: routing playback msg" active=0 type=main.playbackTickMsg
time=2026-05-09T14:26:35.405+02:00 level=DEBUG msg=playerState.onTick pos=2.2s dur=9.324s path=/home/patrick/tp7/Music/2026-05-05_134322_000.mp3
time=2026-05-09T14:26:35.505+02:00 level=DEBUG msg="rootModel: routing playback msg" active=0 type=main.playbackTickMsg
time=2026-05-09T14:26:35.505+02:00 level=DEBUG msg=playerState.onTick pos=2.2s dur=9.324s path=/home/patrick/tp7/Music/2026-05-05_134322_000.mp3
time=2026-05-09T14:26:35.605+02:00 level=DEBUG msg="rootModel: routing playback msg" active=0 type=main.playbackTickMsg
time=2026-05-09T14:26:35.605+02:00 level=DEBUG msg=playerState.onTick pos=2.2s dur=9.324s path=/home/patrick/tp7/Music/2026-05-05_134322_000.mp3
time=2026-05-09T14:26:35.706+02:00 level=DEBUG msg="rootModel: routing playback msg" active=0 type=main.playbackTickMsg
time=2026-05-09T14:26:35.706+02:00 level=DEBUG msg=playerState.onTick pos=2.2s dur=9.324s path=/home/patrick/tp7/Music/2026-05-05_134322_000.mp3
time=2026-05-09T14:26:35.806+02:00 level=DEBUG msg="rootModel: routing playback msg" active=0 type=main.playbackTickMsg
time=2026-05-09T14:26:35.806+02:00 level=DEBUG msg=playerState.onTick pos=2.2s dur=9.324s path=/home/patrick/tp7/Music/2026-05-05_134322_000.mp3
time=2026-05-09T14:26:35.907+02:00 level=DEBUG msg="rootModel: routing playback msg" active=0 type=main.playbackTickMsg
time=2026-05-09T14:26:35.907+02:00 level=DEBUG msg=playerState.onTick pos=2.2s dur=9.324s path=/home/patrick/tp7/Music/2026-05-05_134322_000.mp3
time=2026-05-09T14:26:36.008+02:00 level=DEBUG msg="rootModel: routing playback msg" active=0 type=main.playbackTickMsg
time=2026-05-09T14:26:36.008+02:00 level=DEBUG msg=playerState.onTick pos=2.2s dur=9.324s path=/home/patrick/tp7/Music/2026-05-05_134322_000.mp3
time=2026-05-09T14:26:36.109+02:00 level=DEBUG msg="rootModel: routing playback msg" active=0 type=main.playbackTickMsg
time=2026-05-09T14:26:36.109+02:00 level=DEBUG msg=playerState.onTick pos=2.2s dur=9.324s path=/home/patrick/tp7/Music/2026-05-05_134322_000.mp3
time=2026-05-09T14:26:36.210+02:00 level=DEBUG msg="rootModel: routing playback msg" active=0 type=main.playbackTickMsg
time=2026-05-09T14:26:36.210+02:00 level=DEBUG msg=playerState.onTick pos=2.2s dur=9.324s path=/home/patrick/tp7/Music/2026-05-05_134322_000.mp3
time=2026-05-09T14:26:36.311+02:00 level=DEBUG msg="rootModel: routing playback msg" active=0 type=main.playbackTickMsg
time=2026-05-09T14:26:36.311+02:00 level=DEBUG msg=playerState.onTick pos=2.2s dur=9.324s path=/home/patrick/tp7/Music/2026-05-05_134322_000.mp3
time=2026-05-09T14:26:36.366+02:00 level=DEBUG msg="importer: searching for device" err="USB device 2367:0019 not found in sysfs"
time=2026-05-09T14:26:36.412+02:00 level=DEBUG msg="rootModel: routing playback msg" active=0 type=main.playbackTickMsg
time=2026-05-09T14:26:36.412+02:00 level=DEBUG msg=playerState.onTick pos=2.2s dur=9.324s path=/home/patrick/tp7/Music/2026-05-05_134322_000.mp3
time=2026-05-09T14:26:36.513+02:00 level=DEBUG msg="rootModel: routing playback msg" active=0 type=main.playbackTickMsg
time=2026-05-09T14:26:36.513+02:00 level=DEBUG msg=playerState.onTick pos=2.2s dur=9.324s path=/home/patrick/tp7/Music/2026-05-05_134322_000.mp3
time=2026-05-09T14:26:36.614+02:00 level=DEBUG msg="rootModel: routing playback msg" active=0 type=main.playbackTickMsg
time=2026-05-09T14:26:36.614+02:00 level=DEBUG msg=playerState.onTick pos=2.2s dur=9.324s path=/home/patrick/tp7/Music/2026-05-05_134322_000.mp3
time=2026-05-09T14:26:36.715+02:00 level=DEBUG msg="rootModel: routing playback msg" active=0 type=main.playbackTickMsg
time=2026-05-09T14:26:36.715+02:00 level=DEBUG msg=playerState.onTick pos=2.2s dur=9.324s path=/home/patrick/tp7/Music/2026-05-05_134322_000.mp3
time=2026-05-09T14:26:36.815+02:00 level=DEBUG msg="rootModel: routing playback msg" active=0 type=main.playbackTickMsg
time=2026-05-09T14:26:36.815+02:00 level=DEBUG msg=playerState.onTick pos=2.2s dur=9.324s path=/home/patrick/tp7/Music/2026-05-05_134322_000.mp3
time=2026-05-09T14:26:36.915+02:00 level=DEBUG msg="rootModel: routing playback msg" active=0 type=main.playbackTickMsg
time=2026-05-09T14:26:36.915+02:00 level=DEBUG msg=playerState.onTick pos=2.2s dur=9.324s path=/home/patrick/tp7/Music/2026-05-05_134322_000.mp3
time=2026-05-09T14:26:37.016+02:00 level=DEBUG msg="rootModel: routing playback msg" active=0 type=main.playbackTickMsg
time=2026-05-09T14:26:37.016+02:00 level=DEBUG msg=playerState.onTick pos=2.2s dur=9.324s path=/home/patrick/tp7/Music/2026-05-05_134322_000.mp3
time=2026-05-09T14:26:37.116+02:00 level=DEBUG msg="rootModel: routing playback msg" active=0 type=main.playbackTickMsg
time=2026-05-09T14:26:37.117+02:00 level=DEBUG msg=playerState.onTick pos=2.2s dur=9.324s path=/home/patrick/tp7/Music/2026-05-05_134322_000.mp3
time=2026-05-09T14:26:37.217+02:00 level=DEBUG msg="rootModel: routing playback msg" active=0 type=main.playbackTickMsg
time=2026-05-09T14:26:37.217+02:00 level=DEBUG msg=playerState.onTick pos=2.2s dur=9.324s path=/home/patrick/tp7/Music/2026-05-05_134322_000.mp3
time=2026-05-09T14:26:37.318+02:00 level=DEBUG msg="rootModel: routing playback msg" active=0 type=main.playbackTickMsg
time=2026-05-09T14:26:37.318+02:00 level=DEBUG msg=playerState.onTick pos=2.2s dur=9.324s path=/home/patrick/tp7/Music/2026-05-05_134322_000.mp3
time=2026-05-09T14:26:37.418+02:00 level=DEBUG msg="rootModel: routing playback msg" active=0 type=main.playbackTickMsg
time=2026-05-09T14:26:37.418+02:00 level=DEBUG msg=playerState.onTick pos=2.2s dur=9.324s path=/home/patrick/tp7/Music/2026-05-05_134322_000.mp3
time=2026-05-09T14:26:37.519+02:00 level=DEBUG msg="rootModel: routing playback msg" active=0 type=main.playbackTickMsg
time=2026-05-09T14:26:37.519+02:00 level=DEBUG msg=playerState.onTick pos=2.2s dur=9.324s path=/home/patrick/tp7/Music/2026-05-05_134322_000.mp3
time=2026-05-09T14:26:37.620+02:00 level=DEBUG msg="rootModel: routing playback msg" active=0 type=main.playbackTickMsg
time=2026-05-09T14:26:37.620+02:00 level=DEBUG msg=playerState.onTick pos=2.2s dur=9.324s path=/home/patrick/tp7/Music/2026-05-05_134322_000.mp3
time=2026-05-09T14:26:37.721+02:00 level=DEBUG msg="rootModel: routing playback msg" active=0 type=main.playbackTickMsg
time=2026-05-09T14:26:37.721+02:00 level=DEBUG msg=playerState.onTick pos=2.2s dur=9.324s path=/home/patrick/tp7/Music/2026-05-05_134322_000.mp3
time=2026-05-09T14:26:37.821+02:00 level=DEBUG msg="rootModel: routing playback msg" active=0 type=main.playbackTickMsg
time=2026-05-09T14:26:37.821+02:00 level=DEBUG msg=playerState.onTick pos=2.2s dur=9.324s path=/home/patrick/tp7/Music/2026-05-05_134322_000.mp3
time=2026-05-09T14:26:37.922+02:00 level=DEBUG msg="rootModel: routing playback msg" active=0 type=main.playbackTickMsg
time=2026-05-09T14:26:37.922+02:00 level=DEBUG msg=playerState.onTick pos=2.2s dur=9.324s path=/home/patrick/tp7/Music/2026-05-05_134322_000.mp3
time=2026-05-09T14:26:38.022+02:00 level=DEBUG msg="rootModel: routing playback msg" active=0 type=main.playbackTickMsg
time=2026-05-09T14:26:38.022+02:00 level=DEBUG msg=playerState.onTick pos=2.2s dur=9.324s path=/home/patrick/tp7/Music/2026-05-05_134322_000.mp3
time=2026-05-09T14:26:38.123+02:00 level=DEBUG msg="rootModel: routing playback msg" active=0 type=main.playbackTickMsg
time=2026-05-09T14:26:38.123+02:00 level=DEBUG msg=playerState.onTick pos=2.2s dur=9.324s path=/home/patrick/tp7/Music/2026-05-05_134322_000.mp3
time=2026-05-09T14:26:38.224+02:00 level=DEBUG msg="rootModel: routing playback msg" active=0 type=main.playbackTickMsg
time=2026-05-09T14:26:38.224+02:00 level=DEBUG msg=playerState.onTick pos=2.2s dur=9.324s path=/home/patrick/tp7/Music/2026-05-05_134322_000.mp3
time=2026-05-09T14:26:38.324+02:00 level=DEBUG msg="rootModel: routing playback msg" active=0 type=main.playbackTickMsg
time=2026-05-09T14:26:38.324+02:00 level=DEBUG msg=playerState.onTick pos=2.2s dur=9.324s path=/home/patrick/tp7/Music/2026-05-05_134322_000.mp3
time=2026-05-09T14:26:38.425+02:00 level=DEBUG msg="rootModel: routing playback msg" active=0 type=main.playbackTickMsg
time=2026-05-09T14:26:38.425+02:00 level=DEBUG msg=playerState.onTick pos=2.2s dur=9.324s path=/home/patrick/tp7/Music/2026-05-05_134322_000.mp3
time=2026-05-09T14:26:38.525+02:00 level=DEBUG msg="rootModel: routing playback msg" active=0 type=main.playbackTickMsg
time=2026-05-09T14:26:38.526+02:00 level=DEBUG msg=playerState.onTick pos=2.2s dur=9.324s path=/home/patrick/tp7/Music/2026-05-05_134322_000.mp3
time=2026-05-09T14:26:38.626+02:00 level=DEBUG msg="rootModel: routing playback msg" active=0 type=main.playbackTickMsg
time=2026-05-09T14:26:38.626+02:00 level=DEBUG msg=playerState.onTick pos=2.2s dur=9.324s path=/home/patrick/tp7/Music/2026-05-05_134322_000.mp3
time=2026-05-09T14:26:38.726+02:00 level=DEBUG msg="rootModel: routing playback msg" active=0 type=main.playbackTickMsg
time=2026-05-09T14:26:38.727+02:00 level=DEBUG msg=playerState.onTick pos=2.2s dur=9.324s path=/home/patrick/tp7/Music/2026-05-05_134322_000.mp3
time=2026-05-09T14:26:38.827+02:00 level=DEBUG msg="rootModel: routing playback msg" active=0 type=main.playbackTickMsg
time=2026-05-09T14:26:38.827+02:00 level=DEBUG msg=playerState.onTick pos=2.2s dur=9.324s path=/home/patrick/tp7/Music/2026-05-05_134322_000.mp3
time=2026-05-09T14:26:38.928+02:00 level=DEBUG msg="rootModel: routing playback msg" active=0 type=main.playbackTickMsg
time=2026-05-09T14:26:38.928+02:00 level=DEBUG msg=playerState.onTick pos=2.2s dur=9.324s path=/home/patrick/tp7/Music/2026-05-05_134322_000.mp3
time=2026-05-09T14:26:39.028+02:00 level=DEBUG msg="rootModel: routing playback msg" active=0 type=main.playbackTickMsg
time=2026-05-09T14:26:39.029+02:00 level=DEBUG msg=playerState.onTick pos=2.2s dur=9.324s path=/home/patrick/tp7/Music/2026-05-05_134322_000.mp3
time=2026-05-09T14:26:39.129+02:00 level=DEBUG msg="rootModel: routing playback msg" active=0 type=main.playbackTickMsg
time=2026-05-09T14:26:39.129+02:00 level=DEBUG msg=playerState.onTick pos=2.2s dur=9.324s path=/home/patrick/tp7/Music/2026-05-05_134322_000.mp3
time=2026-05-09T14:26:39.230+02:00 level=DEBUG msg="rootModel: routing playback msg" active=0 type=main.playbackTickMsg
time=2026-05-09T14:26:39.230+02:00 level=DEBUG msg=playerState.onTick pos=2.2s dur=9.324s path=/home/patrick/tp7/Music/2026-05-05_134322_000.mp3
time=2026-05-09T14:26:39.330+02:00 level=DEBUG msg="rootModel: routing playback msg" active=0 type=main.playbackTickMsg
time=2026-05-09T14:26:39.330+02:00 level=DEBUG msg=playerState.onTick pos=2.2s dur=9.324s path=/home/patrick/tp7/Music/2026-05-05_134322_000.mp3
time=2026-05-09T14:26:39.431+02:00 level=DEBUG msg="rootModel: routing playback msg" active=0 type=main.playbackTickMsg
time=2026-05-09T14:26:39.431+02:00 level=DEBUG msg=playerState.onTick pos=2.2s dur=9.324s path=/home/patrick/tp7/Music/2026-05-05_134322_000.mp3
time=2026-05-09T14:26:39.532+02:00 level=DEBUG msg="rootModel: routing playback msg" active=0 type=main.playbackTickMsg
time=2026-05-09T14:26:39.532+02:00 level=DEBUG msg=playerState.onTick pos=2.2s dur=9.324s path=/home/patrick/tp7/Music/2026-05-05_134322_000.mp3
time=2026-05-09T14:26:39.633+02:00 level=DEBUG msg="rootModel: routing playback msg" active=0 type=main.playbackTickMsg
time=2026-05-09T14:26:39.633+02:00 level=DEBUG msg=playerState.onTick pos=2.2s dur=9.324s path=/home/patrick/tp7/Music/2026-05-05_134322_000.mp3
time=2026-05-09T14:26:39.734+02:00 level=DEBUG msg="rootModel: routing playback msg" active=0 type=main.playbackTickMsg
time=2026-05-09T14:26:39.734+02:00 level=DEBUG msg=playerState.onTick pos=2.2s dur=9.324s path=/home/patrick/tp7/Music/2026-05-05_134322_000.mp3
time=2026-05-09T14:26:39.834+02:00 level=DEBUG msg="rootModel: routing playback msg" active=0 type=main.playbackTickMsg
time=2026-05-09T14:26:39.834+02:00 level=DEBUG msg=playerState.onTick pos=2.2s dur=9.324s path=/home/patrick/tp7/Music/2026-05-05_134322_000.mp3
time=2026-05-09T14:26:39.935+02:00 level=DEBUG msg="rootModel: routing playback msg" active=0 type=main.playbackTickMsg
time=2026-05-09T14:26:39.935+02:00 level=DEBUG msg=playerState.onTick pos=2.2s dur=9.324s path=/home/patrick/tp7/Music/2026-05-05_134322_000.mp3
time=2026-05-09T14:26:40.036+02:00 level=DEBUG msg="rootModel: routing playback msg" active=0 type=main.playbackTickMsg
time=2026-05-09T14:26:40.036+02:00 level=DEBUG msg=playerState.onTick pos=2.2s dur=9.324s path=/home/patrick/tp7/Music/2026-05-05_134322_000.mp3
time=2026-05-09T14:26:40.137+02:00 level=DEBUG msg="rootModel: routing playback msg" active=0 type=main.playbackTickMsg
time=2026-05-09T14:26:40.137+02:00 level=DEBUG msg=playerState.onTick pos=2.2s dur=9.324s path=/home/patrick/tp7/Music/2026-05-05_134322_000.mp3
time=2026-05-09T14:26:40.237+02:00 level=DEBUG msg="rootModel: routing playback msg" active=0 type=main.playbackTickMsg
time=2026-05-09T14:26:40.238+02:00 level=DEBUG msg=playerState.onTick pos=2.2s dur=9.324s path=/home/patrick/tp7/Music/2026-05-05_134322_000.mp3
time=2026-05-09T14:26:40.338+02:00 level=DEBUG msg="rootModel: routing playback msg" active=0 type=main.playbackTickMsg
time=2026-05-09T14:26:40.338+02:00 level=DEBUG msg=playerState.onTick pos=2.2s dur=9.324s path=/home/patrick/tp7/Music/2026-05-05_134322_000.mp3
time=2026-05-09T14:26:40.438+02:00 level=DEBUG msg="rootModel: routing playback msg" active=0 type=main.playbackTickMsg
time=2026-05-09T14:26:40.438+02:00 level=DEBUG msg=playerState.onTick pos=2.2s dur=9.324s path=/home/patrick/tp7/Music/2026-05-05_134322_000.mp3
time=2026-05-09T14:26:40.539+02:00 level=DEBUG msg="rootModel: routing playback msg" active=0 type=main.playbackTickMsg
time=2026-05-09T14:26:40.539+02:00 level=DEBUG msg=playerState.onTick pos=2.2s dur=9.324s path=/home/patrick/tp7/Music/2026-05-05_134322_000.mp3
time=2026-05-09T14:26:40.640+02:00 level=DEBUG msg="rootModel: routing playback msg" active=0 type=main.playbackTickMsg
time=2026-05-09T14:26:40.640+02:00 level=DEBUG msg=playerState.onTick pos=2.2s dur=9.324s path=/home/patrick/tp7/Music/2026-05-05_134322_000.mp3
time=2026-05-09T14:26:40.741+02:00 level=DEBUG msg="rootModel: routing playback msg" active=0 type=main.playbackTickMsg
time=2026-05-09T14:26:40.741+02:00 level=DEBUG msg=playerState.onTick pos=2.2s dur=9.324s path=/home/patrick/tp7/Music/2026-05-05_134322_000.mp3
time=2026-05-09T14:26:40.842+02:00 level=DEBUG msg="rootModel: routing playback msg" active=0 type=main.playbackTickMsg
time=2026-05-09T14:26:40.842+02:00 level=DEBUG msg=playerState.onTick pos=2.2s dur=9.324s path=/home/patrick/tp7/Music/2026-05-05_134322_000.mp3
time=2026-05-09T14:26:40.943+02:00 level=DEBUG msg="rootModel: routing playback msg" active=0 type=main.playbackTickMsg
time=2026-05-09T14:26:40.943+02:00 level=DEBUG msg=playerState.onTick pos=2.2s dur=9.324s path=/home/patrick/tp7/Music/2026-05-05_134322_000.mp3
time=2026-05-09T14:26:41.044+02:00 level=DEBUG msg="rootModel: routing playback msg" active=0 type=main.playbackTickMsg
time=2026-05-09T14:26:41.044+02:00 level=DEBUG msg=playerState.onTick pos=2.2s dur=9.324s path=/home/patrick/tp7/Music/2026-05-05_134322_000.mp3
time=2026-05-09T14:26:41.145+02:00 level=DEBUG msg="rootModel: routing playback msg" active=0 type=main.playbackTickMsg
time=2026-05-09T14:26:41.145+02:00 level=DEBUG msg=playerState.onTick pos=2.2s dur=9.324s path=/home/patrick/tp7/Music/2026-05-05_134322_000.mp3
time=2026-05-09T14:26:41.246+02:00 level=DEBUG msg="rootModel: routing playback msg" active=0 type=main.playbackTickMsg
time=2026-05-09T14:26:41.246+02:00 level=DEBUG msg=playerState.onTick pos=2.2s dur=9.324s path=/home/patrick/tp7/Music/2026-05-05_134322_000.mp3
time=2026-05-09T14:26:41.347+02:00 level=DEBUG msg="rootModel: routing playback msg" active=0 type=main.playbackTickMsg
time=2026-05-09T14:26:41.347+02:00 level=DEBUG msg=playerState.onTick pos=2.2s dur=9.324s path=/home/patrick/tp7/Music/2026-05-05_134322_000.mp3
time=2026-05-09T14:26:41.367+02:00 level=DEBUG msg="importer: searching for device" err="USB device 2367:0019 not found in sysfs"
time=2026-05-09T14:26:41.448+02:00 level=DEBUG msg="rootModel: routing playback msg" active=0 type=main.playbackTickMsg
time=2026-05-09T14:26:41.448+02:00 level=DEBUG msg=playerState.onTick pos=2.2s dur=9.324s path=/home/patrick/tp7/Music/2026-05-05_134322_000.mp3
time=2026-05-09T14:26:41.548+02:00 level=DEBUG msg="rootModel: routing playback msg" active=0 type=main.playbackTickMsg
time=2026-05-09T14:26:41.548+02:00 level=DEBUG msg=playerState.onTick pos=2.2s dur=9.324s path=/home/patrick/tp7/Music/2026-05-05_134322_000.mp3
time=2026-05-09T14:26:41.648+02:00 level=DEBUG msg="rootModel: routing playback msg" active=0 type=main.playbackTickMsg
time=2026-05-09T14:26:41.648+02:00 level=DEBUG msg=playerState.onTick pos=2.2s dur=9.324s path=/home/patrick/tp7/Music/2026-05-05_134322_000.mp3
time=2026-05-09T14:26:41.749+02:00 level=DEBUG msg="rootModel: routing playback msg" active=0 type=main.playbackTickMsg
time=2026-05-09T14:26:41.749+02:00 level=DEBUG msg=playerState.onTick pos=2.2s dur=9.324s path=/home/patrick/tp7/Music/2026-05-05_134322_000.mp3
time=2026-05-09T14:26:41.850+02:00 level=DEBUG msg="rootModel: routing playback msg" active=0 type=main.playbackTickMsg
time=2026-05-09T14:26:41.850+02:00 level=DEBUG msg=playerState.onTick pos=2.2s dur=9.324s path=/home/patrick/tp7/Music/2026-05-05_134322_000.mp3
time=2026-05-09T14:26:41.950+02:00 level=DEBUG msg="rootModel: routing playback msg" active=0 type=main.playbackTickMsg
time=2026-05-09T14:26:41.950+02:00 level=DEBUG msg=playerState.onTick pos=2.2s dur=9.324s path=/home/patrick/tp7/Music/2026-05-05_134322_000.mp3
time=2026-05-09T14:26:42.051+02:00 level=DEBUG msg="rootModel: routing playback msg" active=0 type=main.playbackTickMsg
time=2026-05-09T14:26:42.051+02:00 level=DEBUG msg=playerState.onTick pos=2.2s dur=9.324s path=/home/patrick/tp7/Music/2026-05-05_134322_000.mp3
time=2026-05-09T14:26:42.152+02:00 level=DEBUG msg="rootModel: routing playback msg" active=0 type=main.playbackTickMsg
time=2026-05-09T14:26:42.152+02:00 level=DEBUG msg=playerState.onTick pos=2.2s dur=9.324s path=/home/patrick/tp7/Music/2026-05-05_134322_000.mp3
time=2026-05-09T14:26:42.252+02:00 level=DEBUG msg="rootModel: routing playback msg" active=0 type=main.playbackTickMsg
time=2026-05-09T14:26:42.252+02:00 level=DEBUG msg=playerState.onTick pos=2.2s dur=9.324s path=/home/patrick/tp7/Music/2026-05-05_134322_000.mp3
time=2026-05-09T14:26:42.353+02:00 level=DEBUG msg="rootModel: routing playback msg" active=0 type=main.playbackTickMsg
time=2026-05-09T14:26:42.353+02:00 level=DEBUG msg=playerState.onTick pos=2.2s dur=9.324s path=/home/patrick/tp7/Music/2026-05-05_134322_000.mp3
time=2026-05-09T14:26:42.454+02:00 level=DEBUG msg="rootModel: routing playback msg" active=0 type=main.playbackTickMsg
time=2026-05-09T14:26:42.454+02:00 level=DEBUG msg=playerState.onTick pos=2.2s dur=9.324s path=/home/patrick/tp7/Music/2026-05-05_134322_000.mp3
time=2026-05-09T14:26:42.554+02:00 level=DEBUG msg="rootModel: routing playback msg" active=0 type=main.playbackTickMsg
time=2026-05-09T14:26:42.555+02:00 level=DEBUG msg=playerState.onTick pos=2.2s dur=9.324s path=/home/patrick/tp7/Music/2026-05-05_134322_000.mp3
time=2026-05-09T14:26:42.655+02:00 level=DEBUG msg="rootModel: routing playback msg" active=0 type=main.playbackTickMsg
time=2026-05-09T14:26:42.655+02:00 level=DEBUG msg=playerState.onTick pos=2.2s dur=9.324s path=/home/patrick/tp7/Music/2026-05-05_134322_000.mp3
time=2026-05-09T14:26:42.756+02:00 level=DEBUG msg="rootModel: routing playback msg" active=0 type=main.playbackTickMsg
time=2026-05-09T14:26:42.756+02:00 level=DEBUG msg=playerState.onTick pos=2.2s dur=9.324s path=/home/patrick/tp7/Music/2026-05-05_134322_000.mp3
time=2026-05-09T14:26:42.857+02:00 level=DEBUG msg="rootModel: routing playback msg" active=0 type=main.playbackTickMsg
time=2026-05-09T14:26:42.857+02:00 level=DEBUG msg=playerState.onTick pos=2.2s dur=9.324s path=/home/patrick/tp7/Music/2026-05-05_134322_000.mp3
